idu,p_arene,p_raw,ponderee_au,ecart
97415000CV0414,0.016022841787033924,0.016023,False,1.5821296607543278e-07
97414000DM0423,0.03275862068965517,0.032759,False,3.7931034483490444e-07
97422000BO1308,0.012004865408006769,0.012005,False,1.3459199323107018e-07
97402000AK1558,0.00907911802853437,0.009079,False,1.1802853436965188e-07
97411000IT0321,0.007278472085084773,0.007278,False,4.720850847730537e-07
97413000CQ0040,0.010575332927147707,0.010575,False,3.329271477080231e-07
97414000CO1564,0.05029013539651837,0.05029,False,1.3539651837202182e-07
97405000AL0099,0.016187989556135773,0.016188,False,1.0443864228298905e-08
97416000IA1792,0.010575332927147707,0.010575,False,3.329271477080231e-07
97415000HI0014,0.009585067473830243,0.009585,False,6.747383024356679e-08
97420000AC0848,0.041367351994054995,0.041367,False,3.519940549936984e-07
97416000IB0239,0.011601693517347555,0.011602,False,3.064826524443176e-07
97407000AM0393,0.01264591439688716,0.012646,False,8.56031128395468e-08
97422000CN1058,0.011601693517347555,0.011602,False,3.064826524443176e-07
97418000AV1680,0.041367351994054995,0.041367,False,3.519940549936984e-07
97422000EN0321,0.010575332927147707,0.010575,False,3.329271477080231e-07
97415000CV1432,0.011834319526627219,0.011834,False,3.1952662721788927e-07
97410000AH1148,0.009541397353031703,0.009541,False,3.973530317037677e-07
97414000CH0031,0.00805142928473349,0.008051,False,4.292847334899652e-07
97405000AO0677,0.009541397353031703,0.009541,False,3.973530317037677e-07
97408000AM0404,0.010575332927147707,0.010575,False,3.329271477080231e-07
97407000AM0606,0.011601693517347555,0.011602,False,3.064826524443176e-07
97415000BP0402,0.010575332927147707,0.010575,False,3.329271477080231e-07
97422000BD2643,0.012004865408006769,0.012005,False,1.3459199323107018e-07
97406000AI0105,0.013878849212086165,0.013879,False,1.5078791383571488e-07
97415000HO0942,0.00907911802853437,0.009079,False,1.1802853436965188e-07
97414000DH1089,0.00805142928473349,0.008051,False,4.292847334899652e-07
97415000DL0204,0.041367351994054995,0.041367,False,3.519940549936984e-07
97422000BI0255,0.011601693517347555,0.011602,False,3.064826524443176e-07
97409000AS1236,0.016883261135177165,0.016883,False,2.6113517716599977e-07
97413000DB0168,0.012004865408006769,0.012005,False,1.3459199323107018e-07
97415000CH2849,0.009404388714733543,0.009404,False,3.887147335436547e-07
97411000BZ1166,0.011834319526627219,0.011834,False,3.1952662721788927e-07
97422000EC0225,0.00805142928473349,0.008051,False,4.292847334899652e-07
97401000AM1755,0.013754472403073493,0.013754,False,4.72403073492611e-07
97411000CH0351,0.00907911802853437,0.009079,False,1.1802853436965188e-07
97413000DK0557,0.009585067473830243,0.009585,False,6.747383024356679e-08
97415000BY0426,0.00907911802853437,0.009079,False,1.1802853436965188e-07
97416000HV0601,0.041367351994054995,0.041367,False,3.519940549936984e-07
97408000AM0966,0.018904958677685952,0.018905,False,4.132231404968545e-08
97414000CY0287,0.009404388714733543,0.009404,False,3.887147335436547e-07
97414000HE0079,0.013754472403073493,0.013754,False,4.72403073492611e-07
97417000BD1085,0.016022841787033924,0.016023,False,1.5821296607543278e-07
97420000BC0892,0.012004865408006769,0.012005,False,1.3459199323107018e-07
97409000AT1079,0.016022841787033924,0.016023,False,1.5821296607543278e-07
97411000AD0377,0.041367351994054995,0.041367,False,3.519940549936984e-07
97416000IM0753,0.010575332927147707,0.010575,False,3.329271477080231e-07
97422000EM0086,0.00907911802853437,0.009079,False,1.1802853436965188e-07
97404000AL1411,0.013754472403073493,0.013754,False,4.72403073492611e-07
97419000AN0386,0.013878849212086165,0.013879,False,1.5078791383571488e-07
97415000CD0244,0.006731287022078621,0.006731,False,2.870220786209063e-07
97415000CX1472,0.006731287022078621,0.006731,False,2.870220786209063e-07
97415000DP0003,0.006731287022078621,0.006731,False,2.870220786209063e-07
97408000BO0268,0.020465278992478575,0.020465,False,2.78992478574408e-07
97422000CY0460,0.008840227088402269,0.00884,False,2.270884022683578e-07
97414000CR0095,0.006731287022078621,0.006731,False,2.870220786209063e-07
97407000AT0129,0.020465278992478575,0.020465,False,2.78992478574408e-07
97405000AZ0928,0.00907911802853437,0.009079,False,1.1802853436965188e-07
97420000AV0504,0.016022841787033924,0.016023,False,1.5821296607543278e-07
97401000AK0020,0.007718034473887318,0.007718,False,3.447388731772638e-08
97415000DK0696,0.013703943115707821,0.013704,False,5.6884292177691864e-08
97402000AI0773,0.016022841787033924,0.016023,False,1.5821296607543278e-07
97422000CM0124,0.0029154518950437317,0.002915,False,4.518950437316753e-07
97413000BH0872,0.006572420634920635,0.006572,False,4.2063492063527247e-07
97403000AM0711,0.007278472085084773,0.007278,False,4.720850847730537e-07
97416000CO0992,0.041367351994054995,0.041367,False,3.519940549936984e-07
97422000BW1200,0.016022841787033924,0.016023,False,1.5821296607543278e-07
97413000CY1562,0.007278472085084773,0.007278,False,4.720850847730537e-07
97414000CV0936,0.016883261135177165,0.016883,False,2.6113517716599977e-07
97411000HB0447,0.016022841787033924,0.016023,False,1.5821296607543278e-07
97423000AC0484,0.006731287022078621,0.006731,False,2.870220786209063e-07
97416000DE1066,0.010748560460652593,0.010749,False,4.3953934740666167e-07
97422000AZ0422,0.006731287022078621,0.006731,False,2.870220786209063e-07
97415000CL0516,0.00805142928473349,0.008051,False,4.292847334899652e-07
97402000AH1060,0.011834319526627219,0.011834,False,3.1952662721788927e-07
97424000AO0848,0.00805142928473349,0.008051,False,4.292847334899652e-07
97403000AS1582,0.041367351994054995,0.041367,False,3.519940549936984e-07
97422000BH2045,0.01320901320901321,0.013209,False,1.3209013209614096e-08
97410000BD0864,0.031053604436229204,0.031054,False,3.955637707941939e-07
97414000EK0582,0.013754472403073493,0.013754,False,4.72403073492611e-07
97420000AW0040,0.00907911802853437,0.009079,False,1.1802853436965188e-07
97411000HN0351,0.008840227088402269,0.00884,False,2.270884022683578e-07
97416000ID0786,0.010575332927147707,0.010575,False,3.329271477080231e-07
97416000IH0052,0.016022841787033924,0.016023,False,1.5821296607543278e-07
97408000BI0157,0.019702323589249383,0.019702,False,3.23589249381917e-07
97407000AO1762,0.020465278992478575,0.020465,False,2.78992478574408e-07
97415000AY1467,0.028814669286182062,0.028815,False,3.3071381793856047e-07
97409000AY0816,0.010575332927147707,0.010575,False,3.329271477080231e-07
97407000AH0555,0.011601693517347555,0.011602,False,3.064826524443176e-07
97416000EV1462,0.018904958677685952,0.018905,False,4.132231404968545e-08
97412000BW0340,0.018904958677685952,0.018905,False,4.132231404968545e-08
97418000BE0059,0.00805142928473349,0.008051,False,4.292847334899652e-07
97411000IK0126,0.011601693517347555,0.011602,False,3.064826524443176e-07
97416000DS0897,0.041367351994054995,0.041367,False,3.519940549936984e-07
97414000DM0254,0.013754472403073493,0.013754,False,4.72403073492611e-07
97415000EW1843,0.041367351994054995,0.041367,False,3.519940549936984e-07
97422000BV1878,0.018904958677685952,0.018905,False,4.132231404968545e-08
97410000AV0636,0.020465278992478575,0.020465,False,2.78992478574408e-07
97401000AI1044,0.00907911802853437,0.009079,False,1.1802853436965188e-07
97415000CW0611,0.020465278992478575,0.020465,False,2.78992478574408e-07
97424000AH0982,0.012004865408006769,0.012005,False,1.3459199323107018e-07
97415000AW1556,0.009585067473830243,0.009585,False,6.747383024356679e-08
97418000BH0163,0.00805142928473349,0.008051,False,4.292847334899652e-07
97416000EN0108,0.007278472085084773,0.007278,False,4.720850847730537e-07
97415000BV1277,0.009585067473830243,0.009585,False,6.747383024356679e-08
97411000HE0571,0.020465278992478575,0.020465,False,2.78992478574408e-07
97413000DD0649,0.008840227088402269,0.008291,True,0.0005492270884022692
97420000AI0144,0.011601693517347555,0.011602,False,3.064826524443176e-07
97415000DN0070,0.008840227088402269,0.00884,False,2.270884022683578e-07
97416000CW0477,0.010575332927147707,0.010575,False,3.329271477080231e-07
97415000DM1163,0.016883261135177165,0.016883,False,2.6113517716599977e-07
97415000DO0031,0.010160427807486633,0.01016,False,4.2780748663213963e-07
97416000CV1456,0.007278472085084773,0.007278,False,4.720850847730537e-07
97422000DO0724,0.006572420634920635,0.006572,False,4.2063492063527247e-07
97412000BE0364,0.006731287022078621,0.006731,False,2.870220786209063e-07
97418000AR1697,0.013754472403073493,0.013754,False,4.72403073492611e-07
97419000AP0390,0.016022841787033924,0.016023,False,1.5821296607543278e-07
97423000AB1774,0.04905660377358491,0.049057,False,3.962264150947359e-07
97408000AO1476,0.013754472403073493,0.013754,False,4.72403073492611e-07
97404000AI2300,0.006731287022078621,0.006731,False,2.870220786209063e-07
97418000AP1526,0.006572420634920635,0.006572,False,4.2063492063527247e-07
97418000AP0717,0.006572420634920635,0.006572,False,4.2063492063527247e-07
97406000AK0089,0.009585067473830243,0.009585,False,6.747383024356679e-08
97423000AL0222,0.0029154518950437317,0.002915,False,4.518950437316753e-07
97415000ES0313,0.006572420634920635,0.006572,False,4.2063492063527247e-07
97413000CB0141,1e-07,0.0,False,1e-07
97414000CI0329,0.006572420634920635,0.006572,False,4.2063492063527247e-07
97414000CT1214,0.007278472085084773,0.007278,False,4.720850847730537e-07
97414000CW0347,0.006572420634920635,0.006572,False,4.2063492063527247e-07
97406000AS0105,0.010748560460652593,0.010749,False,4.3953934740666167e-07
97406000AW0584,0.007278472085084773,0.007278,False,4.720850847730537e-07
97421000AE0343,0.008840227088402269,0.00884,False,2.270884022683578e-07
97415000DZ0158,0.013703943115707821,0.013704,False,5.6884292177691864e-08
97415000EV0474,0.009841443411700382,0.009841,False,4.4341170038139643e-07
97422000BY0605,0.03275862068965517,0.032759,False,3.7931034483490444e-07
97422000CM1094,0.00907911802853437,0.009079,False,1.1802853436965188e-07
97414000EN3493,0.031053604436229204,0.031054,False,3.955637707941939e-07
97410000AP0351,0.013703943115707821,0.013704,False,5.6884292177691864e-08
97407000AO1737,0.018904958677685952,0.018905,False,4.132231404968545e-08
97417000AT0406,0.00805142928473349,0.008051,False,4.292847334899652e-07
97410000BH0630,0.00907911802853437,0.009079,False,1.1802853436965188e-07
97411000AV0517,0.018904958677685952,0.018905,False,4.132231404968545e-08
97415000EO0958,0.019702323589249383,0.019702,False,3.23589249381917e-07
97422000CS0389,0.009585067473830243,0.009585,False,6.747383024356679e-08
97408000AN1745,0.013754472403073493,0.013754,False,4.72403073492611e-07
97411000EM0029,0.011601693517347555,0.011602,False,3.064826524443176e-07
97412000BK0682,0.009404388714733543,0.009404,False,3.887147335436547e-07
97410000BK0365,0.012004865408006769,0.012005,False,1.3459199323107018e-07
97415000AH0254,0.007278472085084773,0.007278,False,4.720850847730537e-07
97422000BP1024,0.012004865408006769,0.012005,False,1.3459199323107018e-07
97422000CS0243,0.01264591439688716,0.012646,False,8.56031128395468e-08
97416000ID0790,0.010575332927147707,0.010575,False,3.329271477080231e-07
97408000AS0254,0.011834319526627219,0.011834,False,3.1952662721788927e-07
97414000DV0435,0.007278472085084773,0.007278,False,4.720850847730537e-07
97419000AK0069,0.008840227088402269,0.00884,False,2.270884022683578e-07
97409000AR1900,0.027501462843768292,0.027501,False,4.6284376829103246e-07
97409000AN0338,0.012004865408006769,0.012005,False,1.3459199323107018e-07
97422000BW0155,0.010748560460652593,0.010749,False,4.3953934740666167e-07
97408000AN1125,0.007278472085084773,0.007278,False,4.720850847730537e-07
97420000AX0243,0.007278472085084773,0.007278,False,4.720850847730537e-07
97412000CY0557,0.018904958677685952,0.018905,False,4.132231404968545e-08
97411000KC0195,0.018904958677685952,0.018905,False,4.132231404968545e-08
97416000DT0483,0.018904958677685952,0.018905,False,4.132231404968545e-08
97415000BN1382,0.010575332927147707,0.010575,False,3.329271477080231e-07
97415000BZ1073,0.008840227088402269,0.00884,False,2.270884022683578e-07
97416000ES0844,0.007278472085084773,0.007278,False,4.720850847730537e-07
97416000HN0251,0.016022841787033924,0.016023,False,1.5821296607543278e-07
97422000CP0630,0.007278472085084773,0.007278,False,4.720850847730537e-07
97407000AB0082,0.016022841787033924,0.016023,False,1.5821296607543278e-07
97421000AL0279,0.0050568900126422255,0.005057,False,1.0998735777440621e-07
97416000DE1030,0.00907911802853437,0.009079,False,1.1802853436965188e-07
97407000BI0119,0.013754472403073493,0.013754,False,4.72403073492611e-07
97418000AV2787,0.019144602851323828,0.019145,False,3.971486761712717e-07
97401000AT0688,0.007278472085084773,0.007278,False,4.720850847730537e-07
97402000AH1300,0.010748560460652593,0.010749,False,4.3953934740666167e-07
97416000HM0490,0.007278472085084773,0.007278,False,4.720850847730537e-07
97422000AM0233,0.007278472085084773,0.007278,False,4.720850847730537e-07
97422000CO0507,0.008840227088402269,0.00884,False,2.270884022683578e-07
97412000BR0304,0.031053604436229204,0.031054,False,3.955637707941939e-07
97418000AP2336,0.016883261135177165,0.016883,False,2.6113517716599977e-07
97419000AY0082,0.016022841787033924,0.016023,False,1.5821296607543278e-07
97403000AP1888,0.006731287022078621,0.006731,False,2.870220786209063e-07
97415000EO0800,0.020465278992478575,0.020465,False,2.78992478574408e-07
97416000CY0530,0.010575332927147707,0.010575,False,3.329271477080231e-07
97422000CS1197,0.006572420634920635,0.006572,False,4.2063492063527247e-07
97413000AC0327,0.016022841787033924,0.016023,False,1.5821296607543278e-07
97414000ET1820,0.006731287022078621,0.006731,False,2.870220786209063e-07
97409000AC1021,0.013754472403073493,0.013754,False,4.72403073492611e-07
97413000DE1516,0.00907911802853437,0.009079,False,1.1802853436965188e-07
97409000AM0726,0.041367351994054995,0.041367,False,3.519940549936984e-07
97414000EK0350,0.010575332927147707,0.010575,False,3.329271477080231e-07
97413000DK0536,0.011601693517347555,0.011602,False,3.064826524443176e-07
97415000AY1264,0.018904958677685952,0.018905,False,4.132231404968545e-08
97413000CT0302,0.008840227088402269,0.000959,True,0.00788122708840227
97413000BH1141,0.008185538881309686,0.008186,False,4.611186903147324e-07
97410000AL0095,0.013754472403073493,0.013754,False,4.72403073492611e-07
97411000AO0123,0.041367351994054995,0.041367,False,3.519940549936984e-07
97406000AT0117,0.031451612903225803,0.031452,False,3.8709677419729305e-07
97411000AM0266,0.041367351994054995,0.041367,False,3.519940549936984e-07
97416000CV0830,0.00907911802853437,0.009079,False,1.1802853436965188e-07
97412000CZ1200,0.007278472085084773,0.007278,False,4.720850847730537e-07
97410000AX0766,0.007278472085084773,0.007278,False,4.720850847730537e-07
97405000AY0733,0.013754472403073493,0.013754,False,4.72403073492611e-07
97415000EO0401,0.018904958677685952,0.018905,False,4.132231404968545e-08
97422000AK0621,0.009404388714733543,0.009404,False,3.887147335436547e-07
97409000BM0072,0.010575332927147707,0.010575,False,3.329271477080231e-07
97414000EL1113,0.009585067473830243,0.009585,False,6.747383024356679e-08
97410000BE0113,0.011601693517347555,0.011602,False,3.064826524443176e-07
97415000BW1354,0.010575332927147707,0.010575,False,3.329271477080231e-07
97417000AY0103,0.016022841787033924,0.016023,False,1.5821296607543278e-07
97408000AC3004,0.013754472403073493,0.013754,False,4.72403073492611e-07
97408000BL0207,0.011834319526627219,0.011834,False,3.1952662721788927e-07
97422000BV2829,0.013754472403073493,0.013754,False,4.72403073492611e-07
97414000CL0474,0.010575332927147707,0.010575,False,3.329271477080231e-07
97414000HI0317,0.009585067473830243,0.009585,False,6.747383024356679e-08
97415000ET1734,0.04665629860031104,0.046656,False,2.986003110397317e-07
97420000AE0208,0.00805142928473349,0.008051,False,4.292847334899652e-07
97415000CM0610,0.010575332927147707,0.010575,False,3.329271477080231e-07
97422000AY1562,0.018904958677685952,0.018905,False,4.132231404968545e-08
97415000BW0345,0.010575332927147707,0.010575,False,3.329271477080231e-07
97416000EM0260,0.041367351994054995,0.041367,False,3.519940549936984e-07
97415000DT0566,0.009404388714733543,0.009404,False,3.887147335436547e-07
97415000BO0479,0.012004865408006769,0.012005,False,1.3459199323107018e-07
97416000IK0282,0.027938342967244702,0.027938,False,3.429672447013976e-07
97415000CT0196,0.00805142928473349,0.008051,False,4.292847334899652e-07
97409000AX0875,0.018904958677685952,0.018905,False,4.132231404968545e-08
97422000BH2080,0.018904958677685952,0.018905,False,4.132231404968545e-08
97411000DZ0126,0.01695293330359135,0.016953,False,6.669640864945259e-08
97401000AO0615,0.03162055335968379,0.031621,False,4.4664031621094447e-07
97409000AC0597,0.013754472403073493,0.013754,False,4.72403073492611e-07
97420000AS0030,0.010575332927147707,0.010575,False,3.329271477080231e-07
97410000AO0044,0.009585067473830243,0.009585,False,6.747383024356679e-08
97411000KE0353,0.013754472403073493,0.013754,False,4.72403073492611e-07
97413000BD0079,0.00907911802853437,0.009079,False,1.1802853436965188e-07
97415000EX0109,0.010575332927147707,0.010575,False,3.329271477080231e-07
97415000EX0168,0.007278472085084773,0.007278,False,4.720850847730537e-07
97422000BY0542,0.011601693517347555,0.011602,False,3.064826524443176e-07
97420000AS1168,0.00805142928473349,0.008051,False,4.292847334899652e-07
97416000HL0318,0.010575332927147707,0.010575,False,3.329271477080231e-07
97405000AM0651,0.007278472085084773,0.007278,False,4.720850847730537e-07
97411000CH0479,0.020465278992478575,0.020465,False,2.78992478574408e-07
97406000AM0704,0.017857142857142856,0.017857,False,1.4285714285480755e-07
97406000AO0473,0.008840227088402269,0.00884,False,2.270884022683578e-07
97423000AD0004,0.006731287022078621,0.006731,False,2.870220786209063e-07
97401000AK0121,0.013703943115707821,0.013704,False,5.6884292177691864e-08
97415000DS0679,0.013703943115707821,0.013704,False,5.6884292177691864e-08
97422000AE1041,0.016022841787033924,0.016023,False,1.5821296607543278e-07
97422000CS1225,0.006731287022078621,0.006731,False,2.870220786209063e-07
97412000BL0547,0.009541397353031703,0.009541,False,3.973530317037677e-07
97410000AN0855,0.041367351994054995,0.041367,False,3.519940549936984e-07
97405000AI1079,0.017857142857142856,0.017857,False,1.4285714285480755e-07
97420000BH1516,0.006731287022078621,0.006731,False,2.870220786209063e-07
97419000AM0461,0.016883261135177165,0.016883,False,2.6113517716599977e-07
97403000AI0027,0.013703943115707821,0.013704,False,5.6884292177691864e-08
97403000AS0705,0.006731287022078621,0.006731,False,2.870220786209063e-07
97404000AX0273,0.013878849212086165,0.013879,False,1.5078791383571488e-07
97416000CS1614,0.016022841787033924,0.016023,False,1.5821296607543278e-07
97416000EI1218,0.01264591439688716,0.012646,False,8.56031128395468e-08
97416000EN1264,0.013703943115707821,0.013704,False,5.6884292177691864e-08
97416000HL0254,0.016883261135177165,0.016883,False,2.6113517716599977e-07
97414000CO0084,0.016883261135177165,0.016883,False,2.6113517716599977e-07
97418000AP3553,0.007278472085084773,0.007278,False,4.720850847730537e-07
97415000BR0077,1e-07,0.0,False,1e-07
97416000DZ0061,0.004343629343629344,0.004344,False,3.706563706561486e-07
97416000HO0437,0.006731287022078621,0.006731,False,2.870220786209063e-07
97414000CI0936,0.01695293330359135,0.016953,False,6.669640864945259e-08
97412000CE1596,0.00805142928473349,0.008051,False,4.292847334899652e-07
97413000CD0697,0.009404388714733543,0.009404,False,3.887147335436547e-07
97422000BH1227,0.011601693517347555,0.011602,False,3.064826524443176e-07
97422000BS1168,0.008840227088402269,0.00884,False,2.270884022683578e-07
97422000BT0467,0.041367351994054995,0.041367,False,3.519940549936984e-07
97411000HC0284,0.013754472403073493,0.013754,False,4.72403073492611e-07
97413000CL0912,0.009541397353031703,0.009541,False,3.973530317037677e-07
97415000BN1198,0.016022841787033924,0.016023,False,1.5821296607543278e-07
97418000BP0427,0.007278472085084773,0.007278,False,4.720850847730537e-07
97411000AO0358,0.041367351994054995,0.041367,False,3.519940549936984e-07
97414000HD0146,0.016022841787033924,0.016023,False,1.5821296607543278e-07
97411000HH0377,0.03275862068965517,0.032759,False,3.7931034483490444e-07
97413000DE1577,0.013878849212086165,0.013879,False,1.5078791383571488e-07
97415000DS0933,0.011601693517347555,0.011602,False,3.064826524443176e-07
97413000CR0048,0.009541397353031703,0.009541,False,3.973530317037677e-07
97422000DL0978,0.008840227088402269,0.00884,False,2.270884022683578e-07
97417000AE0048,0.006731287022078621,0.006731,False,2.870220786209063e-07
97422000BS0732,0.041367351994054995,0.041367,False,3.519940549936984e-07
97409000BM1366,0.013754472403073493,0.013754,False,4.72403073492611e-07
97413000DE0903,0.009404388714733543,0.009404,False,3.887147335436547e-07
97414000DR0075,0.00907911802853437,0.009079,False,1.1802853436965188e-07
97415000DK0745,0.020976616231086657,0.020977,False,3.8376891334235275e-07
97411000AN0243,0.013754472403073493,0.013754,False,4.72403073492611e-07
97409000AL0069,0.00907911802853437,0.009079,False,1.1802853436965188e-07
97409000AV0432,0.013754472403073493,0.013754,False,4.72403073492611e-07
97409000AX0798,0.011834319526627219,0.011834,False,3.1952662721788927e-07
97410000CD0835,0.016187989556135773,0.016188,False,1.0443864228298905e-08
97416000IE1966,0.00907911802853437,0.009079,False,1.1802853436965188e-07
97415000AS1151,0.00907911802853437,0.009079,False,1.1802853436965188e-07
97422000BH0903,0.00907911802853437,0.009079,False,1.1802853436965188e-07
97411000HP0423,0.041367351994054995,0.041367,False,3.519940549936984e-07
97416000IA1491,0.012004865408006769,0.012005,False,1.3459199323107018e-07
97422000BO0659,0.007278472085084773,0.007278,False,4.720850847730537e-07
97415000AW1816,0.041666666666666664,0.041667,False,3.333333333382926e-07
97419000AK0880,0.008840227088402269,0.00884,False,2.270884022683578e-07
97403000AV0342,0.006731287022078621,0.006731,False,2.870220786209063e-07
97423000AK0352,0.006572420634920635,0.006572,False,4.2063492063527247e-07
97415000CO0525,0.012899262899262898,0.012899,False,2.6289926289765897e-07
97416000DK0162,0.020465278992478575,0.020465,False,2.78992478574408e-07
97416000EY0711,0.006731287022078621,0.006731,False,2.870220786209063e-07
97413000CN0955,0.007718034473887318,0.007718,False,3.447388731772638e-08
97413000DC1328,0.007278472085084773,0.007278,False,4.720850847730537e-07
97410000AC0095,0.006731287022078621,0.006731,False,2.870220786209063e-07
97410000AR1032,0.016022841787033924,0.016023,False,1.5821296607543278e-07
97405000AO0181,0.006731287022078621,0.006731,False,2.870220786209063e-07
97405000AY0771,0.016883261135177165,0.016883,False,2.6113517716599977e-07
97405000BD0187,0.008840227088402269,0.00884,False,2.270884022683578e-07
97411000DL0154,0.016022841787033924,0.016023,False,1.5821296607543278e-07
97418000AE0323,0.008840227088402269,0.00884,False,2.270884022683578e-07
97418000BO0323,0.013703943115707821,0.013704,False,5.6884292177691864e-08
97415000AH0214,0.004343629343629344,0.004344,False,3.706563706561486e-07
97415000EI0230,0.016022841787033924,0.016023,False,1.5821296607543278e-07
97404000AN0053,0.010160427807486633,0.01016,False,4.2780748663213963e-07
97414000EN2654,0.007278472085084773,0.007278,False,4.720850847730537e-07
97409000AY0356,0.006731287022078621,0.006731,False,2.870220786209063e-07
97412000AT0852,0.006731287022078621,0.006731,False,2.870220786209063e-07
97403000AO0176,0.007278472085084773,0.007278,False,4.720850847730537e-07
97406000AP0137,0.041367351994054995,0.041367,False,3.519940549936984e-07
97423000AK1720,0.013878849212086165,0.013879,False,1.5078791383571488e-07
97402000AD0848,0.020465278992478575,0.020465,False,2.78992478574408e-07
97401000AC0007,1e-07,0.0,False,1e-07
97415000CL0317,0.007278472085084773,0.007278,False,4.720850847730537e-07
97416000CS0048,0.016022841787033924,0.016023,False,1.5821296607543278e-07
97422000AZ0152,0.006572420634920635,0.006572,False,4.2063492063527247e-07
97422000BI0096,0.007278472085084773,0.007278,False,4.720850847730537e-07
97422000ED0367,0.013878849212086165,0.013879,False,1.5078791383571488e-07
97414000DV0126,0.006572420634920635,0.006572,False,4.2063492063527247e-07
97410000AR1511,0.041367351994054995,0.041367,False,3.519940549936984e-07
97410000BT0142,0.007278472085084773,0.007278,False,4.720850847730537e-07
97405000AI0294,0.006731287022078621,0.006731,False,2.870220786209063e-07
97411000AD0560,0.041367351994054995,0.041367,False,3.519940549936984e-07
97415000HP0382,0.013878849212086165,0.013879,False,1.5078791383571488e-07
97414000CL0642,0.010748560460652593,0.010749,False,4.3953934740666167e-07
97401000AO0454,0.006731287022078621,0.006731,False,2.870220786209063e-07
97420000BC0159,0.020465278992478575,0.020465,False,2.78992478574408e-07
97422000BV1744,0.00907911802853437,0.009079,False,1.1802853436965188e-07
97420000BC1009,0.008840227088402269,0.00884,False,2.270884022683578e-07
97405000AR1908,0.013754472403073493,0.013754,False,4.72403073492611e-07
97409000BE1605,0.009404388714733543,0.009404,False,3.887147335436547e-07
97414000DR0194,0.010575332927147707,0.010575,False,3.329271477080231e-07
97415000DV0236,0.041367351994054995,0.041367,False,3.519940549936984e-07
97409000AY0894,0.00907911802853437,0.009079,False,1.1802853436965188e-07
97407000AM0174,0.011601693517347555,0.011602,False,3.064826524443176e-07
97416000CS1301,0.018904958677685952,0.018905,False,4.132231404968545e-08
97409000AL0789,0.041367351994054995,0.041367,False,3.519940549936984e-07
97419000AS0370,0.00805142928473349,0.008051,False,4.292847334899652e-07
97411000HA0118,0.013703943115707821,0.013704,False,5.6884292177691864e-08
97402000AH0706,0.00907911802853437,0.009079,False,1.1802853436965188e-07
97408000AY0415,0.00907911802853437,0.009079,False,1.1802853436965188e-07
97406000AP0236,0.00907911802853437,0.009079,False,1.1802853436965188e-07
97418000AV1820,0.010575332927147707,0.010575,False,3.329271477080231e-07
97404000AC1063,0.007278472085084773,0.007278,False,4.720850847730537e-07
97408000AW1216,0.00907911802853437,0.009079,False,1.1802853436965188e-07
97416000EL0738,0.041367351994054995,0.041367,False,3.519940549936984e-07
97412000BY1434,0.012004865408006769,0.012005,False,1.3459199323107018e-07
97414000EV0319,0.017543859649122806,0.017544,False,1.4035087719452277e-07
97422000EC0435,0.0684326710816777,0.068433,False,3.289183222870973e-07
97415000AX0600,0.016022841787033924,0.016023,False,1.5821296607543278e-07
97422000BY0593,0.011601693517347555,0.011602,False,3.064826524443176e-07
97419000AC0242,0.007278472085084773,0.007278,False,4.720850847730537e-07
97413000CX1526,0.010575332927147707,0.010575,False,3.329271477080231e-07
97422000CE0340,0.010575332927147707,0.010575,False,3.329271477080231e-07
97409000AP1770,0.011834319526627219,0.011834,False,3.1952662721788927e-07
97420000AS0597,0.00805142928473349,0.008051,False,4.292847334899652e-07
97404000AX0471,0.011601693517347555,0.011602,False,3.064826524443176e-07
97415000BC0087,0.007278472085084773,0.007278,False,4.720850847730537e-07
97421000AH0366,0.007278472085084773,0.007278,False,4.720850847730537e-07
97408000AT1683,0.020976616231086657,0.020977,False,3.8376891334235275e-07
97410000BH0732,0.013754472403073493,0.013754,False,4.72403073492611e-07
97411000CM0804,0.016022841787033924,0.016023,False,1.5821296607543278e-07
97411000AV0421,0.007278472085084773,0.007278,False,4.720850847730537e-07
97411000BH0791,0.00907911802853437,0.009079,False,1.1802853436965188e-07
97411000DV0011,0.016022841787033924,0.016023,False,1.5821296607543278e-07
97415000HO0103,0.006731287022078621,0.006731,False,2.870220786209063e-07
97408000BN0057,0.009585067473830243,0.009585,False,6.747383024356679e-08
97416000CS1586,0.016022841787033924,0.016023,False,1.5821296607543278e-07
97413000CE0312,0.010575332927147707,0.010575,False,3.329271477080231e-07
97407000AE0558,0.013754472403073493,0.013754,False,4.72403073492611e-07
97407000AM0929,0.016022841787033924,0.016023,False,1.5821296607543278e-07
97403000AR1237,0.008840227088402269,0.00884,False,2.270884022683578e-07
97415000CD0373,0.013703943115707821,0.013704,False,5.6884292177691864e-08
97415000CL0768,0.006731287022078621,0.006731,False,2.870220786209063e-07
97415000CR0887,0.007278472085084773,0.007278,False,4.720850847730537e-07
97404000AD0606,0.0029154518950437317,0.002915,False,4.518950437316753e-07
97416000EV1120,0.020465278992478575,0.020465,False,2.78992478574408e-07
97405000BE1585,0.011834319526627219,0.011834,False,3.1952662721788927e-07
97418000AR1704,0.010575332927147707,0.010575,False,3.329271477080231e-07
97420000AR0042,0.013703943115707821,0.013704,False,5.6884292177691864e-08
97415000BW1174,0.007278472085084773,0.007278,False,4.720850847730537e-07
97416000IA0585,0.00805142928473349,0.008051,False,4.292847334899652e-07
97422000AL0740,0.006731287022078621,0.006731,False,2.870220786209063e-07
97422000BS0882,0.007278472085084773,0.007278,False,4.720850847730537e-07
97413000CK0251,0.0050568900126422255,0.005057,False,1.0998735777440621e-07
97410000BK0219,0.010575332927147707,0.010575,False,3.329271477080231e-07
97407000AZ0097,0.018904958677685952,0.018905,False,4.132231404968545e-08
97408000AT1173,0.013754472403073493,0.013754,False,4.72403073492611e-07
97413000CX0974,0.009585067473830243,0.009585,False,6.747383024356679e-08
97413000CY0164,0.016022841787033924,0.016023,False,1.5821296607543278e-07
97413000BM0394,0.009585067473830243,0.009585,False,6.747383024356679e-08
97408000AM0895,0.019702323589249383,0.019702,False,3.23589249381917e-07
97410000AO0420,0.00805142928473349,0.008051,False,4.292847334899652e-07
97418000AC0213,0.00907911802853437,0.009079,False,1.1802853436965188e-07
97409000AZ0298,0.012004865408006769,0.012005,False,1.3459199323107018e-07
97412000AM0531,0.016883261135177165,0.016883,False,2.6113517716599977e-07
97413000DD0527,0.007278472085084773,0.007278,False,4.720850847730537e-07
97418000BI0258,0.00805142928473349,0.008051,False,4.292847334899652e-07
97409000AN0348,0.008840227088402269,0.00884,False,2.270884022683578e-07
97415000EW1265,0.041367351994054995,0.041367,False,3.519940549936984e-07
97422000BK1317,0.009585067473830243,0.009585,False,6.747383024356679e-08
97415000BP0028,0.011601693517347555,0.011602,False,3.064826524443176e-07
97416000IM0574,0.011601693517347555,0.011602,False,3.064826524443176e-07
97410000CD0788,0.013754472403073493,0.013754,False,4.72403073492611e-07
97406000AE0531,0.013754472403073493,0.013754,False,4.72403073492611e-07
97420000AR0596,0.007278472085084773,0.007278,False,4.720850847730537e-07
97415000CV0793,0.011601693517347555,0.011602,False,3.064826524443176e-07
97415000EO0785,0.027501462843768292,0.027501,False,4.6284376829103246e-07
97411000AP0465,0.013878849212086165,0.013879,False,1.5078791383571488e-07
97412000AM1405,0.041367351994054995,0.041367,False,3.519940549936984e-07
97414000EL0870,0.011601693517347555,0.011602,False,3.064826524443176e-07
97411000HO0380,0.010575332927147707,0.010575,False,3.329271477080231e-07
97414000EM0112,0.020465278992478575,0.020465,False,2.78992478574408e-07
97422000CX0668,0.007278472085084773,0.007278,False,4.720850847730537e-07
97408000AT0998,0.012004865408006769,0.012005,False,1.3459199323107018e-07
97420000BH1866,0.00805142928473349,0.008051,False,4.292847334899652e-07
97409000AR0323,0.007278472085084773,0.007278,False,4.720850847730537e-07
97422000BK2094,0.010575332927147707,0.010575,False,3.329271477080231e-07
97408000BP0069,0.00907911802853437,0.009079,False,1.1802853436965188e-07
97401000AN0749,0.011601693517347555,0.011602,False,3.064826524443176e-07
97424000AI1606,0.027501462843768292,0.027501,False,4.6284376829103246e-07
97416000DM0538,0.012004865408006769,0.012005,False,1.3459199323107018e-07
97416000ET0597,0.011601693517347555,0.011602,False,3.064826524443176e-07
97409000AP1456,0.00907911802853437,0.009079,False,1.1802853436965188e-07
97410000BM1149,0.010748560460652593,0.010749,False,4.3953934740666167e-07
97415000CH0054,0.006572420634920635,0.006572,False,4.2063492063527247e-07
97415000CX0416,0.006731287022078621,0.006731,False,2.870220786209063e-07
97415000DI0350,0.008840227088402269,0.00884,False,2.270884022683578e-07
97416000CZ1535,0.012899262899262898,0.012899,False,2.6289926289765897e-07
97416000EX1393,0.043478260869565216,0.043478,False,2.608695652134285e-07
97422000AD0661,0.009541397353031703,0.009541,False,3.973530317037677e-07
97410000AD0152,0.006731287022078621,0.006731,False,2.870220786209063e-07
97416000DI0150,0.004702194357366771,0.004702,False,1.9435736677182736e-07
97422000BP1575,0.007278472085084773,0.007278,False,4.720850847730537e-07
97414000DR0653,0.013754472403073493,0.013754,False,4.72403073492611e-07
97412000CE1234,0.007278472085084773,0.007278,False,4.720850847730537e-07
97411000AZ0354,0.013878849212086165,0.013879,False,1.5078791383571488e-07
97411000KA0078,0.020465278992478575,0.020465,False,2.78992478574408e-07
97418000BN0025,0.0029154518950437317,0.002915,False,4.518950437316753e-07
97402000AC0126,0.0050568900126422255,0.005057,False,1.0998735777440621e-07
97408000AP1159,0.019144602851323828,0.019145,False,3.971486761712717e-07
97416000CD0635,0.006731287022078621,0.006731,False,2.870220786209063e-07
97414000HI1226,0.010748560460652593,0.010749,False,4.3953934740666167e-07
97412000AH0616,0.006731287022078621,0.006731,False,2.870220786209063e-07
97412000BE0348,0.007278472085084773,0.007278,False,4.720850847730537e-07
97410000BW0558,0.016022841787033924,0.016023,False,1.5821296607543278e-07
97415000CX1569,0.041367351994054995,0.041367,False,3.519940549936984e-07
97415000CY0581,0.041367351994054995,0.041367,False,3.519940549936984e-07
97408000AZ0007,0.009841443411700382,0.009841,False,4.4341170038139643e-07
97404000AD0942,0.006572420634920635,0.006572,False,4.2063492063527247e-07
97414000EO0868,0.006731287022078621,0.006731,False,2.870220786209063e-07
97412000BK1207,0.016022841787033924,0.016023,False,1.5821296607543278e-07
97407000AM0851,0.010575332927147707,0.010575,False,3.329271477080231e-07
97403000AL0337,0.007718034473887318,0.007718,False,3.447388731772638e-08
97410000CR0053,1e-07,0.0,False,1e-07
97405000AE0672,0.007278472085084773,0.007278,False,4.720850847730537e-07
97416000IC0231,0.007278472085084773,0.007278,False,4.720850847730537e-07
97411000IC0102,0.013754472403073493,0.013754,False,4.72403073492611e-07
97419000AW0130,0.007278472085084773,0.007278,False,4.720850847730537e-07
97407000BL0267,0.007278472085084773,0.007278,False,4.720850847730537e-07
97420000BE0400,0.016022841787033924,0.016023,False,1.5821296607543278e-07
97412000AH1052,0.016022841787033924,0.016023,False,1.5821296607543278e-07
97407000BI0382,0.041367351994054995,0.041367,False,3.519940549936984e-07
97422000EC0004,0.012004865408006769,0.012005,False,1.3459199323107018e-07
97416000CV2370,0.041367351994054995,0.041367,False,3.519940549936984e-07
97413000CX0707,0.010575332927147707,0.010575,False,3.329271477080231e-07
97411000ET0195,0.013754472403073493,0.013754,False,4.72403073492611e-07
97414000HE0190,0.041367351994054995,0.041367,False,3.519940549936984e-07
97406000AV0599,0.013754472403073493,0.013754,False,4.72403073492611e-07
97416000EP0692,0.009585067473830243,0.009585,False,6.747383024356679e-08
97414000EN0527,0.009404388714733543,0.009404,False,3.887147335436547e-07
97417000AT0131,0.00907911802853437,0.009079,False,1.1802853436965188e-07
97408000AM0564,0.013754472403073493,0.013754,False,4.72403073492611e-07
97411000DS0440,0.016022841787033924,0.016023,False,1.5821296607543278e-07
97415000CT1106,0.00907911802853437,0.009079,False,1.1802853436965188e-07
97418000AR0189,0.00907911802853437,0.009079,False,1.1802853436965188e-07
97415000CV0703,0.03250688705234161,0.032507,False,1.1294765839275911e-07
97416000ET1335,0.012004865408006769,0.012005,False,1.3459199323107018e-07
97405000AM0585,0.013754472403073493,0.013754,False,4.72403073492611e-07
97414000EY0113,0.010575332927147707,0.010575,False,3.329271477080231e-07
97409000BE1596,0.041367351994054995,0.041367,False,3.519940549936984e-07
97406000AW1032,0.013878849212086165,0.013879,False,1.5078791383571488e-07
97422000CX0942,0.013754472403073493,0.013754,False,4.72403073492611e-07
97416000DM0488,0.012004865408006769,0.012005,False,1.3459199323107018e-07
97415000CI0025,0.006261740763932373,0.006262,False,2.5923606762710133e-07
97415000CO0305,0.041367351994054995,0.041367,False,3.519940549936984e-07
97414000CH1526,0.00907911802853437,0.009079,False,1.1802853436965188e-07
97416000EI0732,0.006572420634920635,0.006572,False,4.2063492063527247e-07
97413000CH0682,0.008840227088402269,0.00884,False,2.270884022683578e-07
97410000AP0346,0.013703943115707821,0.013704,False,5.6884292177691864e-08
97411000DR0412,0.031997514756135444,0.031998,False,4.852438645550072e-07
97415000CH1552,0.007278472085084773,0.007278,False,4.720850847730537e-07
97408000AX0176,0.013703943115707821,0.013704,False,5.6884292177691864e-08
97416000EM0922,0.016883261135177165,0.016883,False,2.6113517716599977e-07
97422000AZ0463,0.006731287022078621,0.006731,False,2.870220786209063e-07
97414000CR0796,0.008840227088402269,0.00884,False,2.270884022683578e-07
97414000DH0801,0.016022841787033924,0.016023,False,1.5821296607543278e-07
97409000AY0338,0.006731287022078621,0.006731,False,2.870220786209063e-07
97405000BC0322,0.006731287022078621,0.006731,False,2.870220786209063e-07
97414000DY0554,0.006731287022078621,0.006731,False,2.870220786209063e-07
97412000BT0899,0.018904958677685952,0.018905,False,4.132231404968545e-08
97411000AP0469,0.012004865408006769,0.012005,False,1.3459199323107018e-07
97416000EK0615,0.031053604436229204,0.031054,False,3.955637707941939e-07
97421000AY0256,0.007278472085084773,0.007278,False,4.720850847730537e-07
97405000AH0599,0.018904958677685952,0.018905,False,4.132231404968545e-08
97415000BN1355,0.00805142928473349,0.008051,False,4.292847334899652e-07
97422000EL0121,0.013878849212086165,0.013879,False,1.5078791383571488e-07
97411000DY0012,0.16569767441860464,0.165698,False,3.2558139537175457e-07
97415000ET1670,0.041367351994054995,0.041367,False,3.519940549936984e-07
97404000AX0304,0.013754472403073493,0.002428,True,0.011326472403073494
97411000AV0154,0.016883261135177165,0.016883,False,2.6113517716599977e-07
97409000AR2101,0.010575332927147707,0.010575,False,3.329271477080231e-07
97411000AW0051,0.05128205128205128,0.051282,False,5.128205127907792e-08
97412000BN1351,0.014285714285714285,0.014286,False,2.8571428571481927e-07
97411000DP0295,0.019702323589249383,0.019702,False,3.23589249381917e-07
97415000DM0522,0.00907911802853437,0.009079,False,1.1802853436965188e-07
97416000CS0783,0.018904958677685952,0.018905,False,4.132231404968545e-08
97416000IL0072,0.011601693517347555,0.011602,False,3.064826524443176e-07
97413000CE0043,0.03275862068965517,0.032759,False,3.7931034483490444e-07
97418000AP4164,0.00907911802853437,0.009079,False,1.1802853436965188e-07
97411000ER0125,0.011834319526627219,0.011834,False,3.1952662721788927e-07
97415000DT0716,0.009404388714733543,0.009404,False,3.887147335436547e-07
97412000AH1170,0.010575332927147707,0.010575,False,3.329271477080231e-07
97413000DD1280,0.010748560460652593,0.000717,True,0.010031560460652593
97405000AR1866,0.02226027397260274,0.02226,False,2.739726027399525e-07
97422000BN0307,0.00805142928473349,0.008051,False,4.292847334899652e-07
97405000AN0437,0.013754472403073493,0.013754,False,4.72403073492611e-07
97413000CT0488,0.009404388714733543,0.009404,False,3.887147335436547e-07
97422000BD0508,0.023474178403755867,0.023474,False,1.7840375586899992e-07
97415000CS0077,0.027501462843768292,0.027501,False,4.6284376829103246e-07
97410000AM0036,0.007278472085084773,0.007278,False,4.720850847730537e-07
97414000DR0322,0.00907911802853437,0.009079,False,1.1802853436965188e-07
97415000DM1579,0.041367351994054995,0.041367,False,3.519940549936984e-07
97414000ET0056,0.013754472403073493,0.013754,False,4.72403073492611e-07
97415000AZ1514,0.00805142928473349,0.008051,False,4.292847334899652e-07
97416000DE1752,0.013754472403073493,0.013754,False,4.72403073492611e-07
97405000AL0733,0.011601693517347555,0.011602,False,3.064826524443176e-07
97407000BM0013,0.013703943115707821,0.013704,False,5.6884292177691864e-08
97422000BI0985,0.009585067473830243,0.009585,False,6.747383024356679e-08
97409000AB0366,0.010296010296010296,0.010296,False,1.0296010296076408e-08
97418000AD0694,0.006731287022078621,0.006731,False,2.870220786209063e-07
97415000BV0925,0.013878849212086165,0.013879,False,1.5078791383571488e-07
97415000CH2533,0.013878849212086165,0.013879,False,1.5078791383571488e-07
97416000CO0643,0.010575332927147707,0.010575,False,3.329271477080231e-07
97416000HX0849,0.006572420634920635,0.006572,False,4.2063492063527247e-07
97412000CX0978,0.016022841787033924,0.016023,False,1.5821296607543278e-07
97415000CW0642,0.013878849212086165,0.013879,False,1.5078791383571488e-07
97416000CD0554,0.04619565217391304,0.046196,False,3.478260869604899e-07
97422000AW0636,0.006731287022078621,0.006731,False,2.870220786209063e-07
97413000CO0218,0.006261740763932373,0.006262,False,2.5923606762710133e-07
97414000DH1582,0.007278472085084773,0.007278,False,4.720850847730537e-07
97407000AL0793,0.016022841787033924,0.016023,False,1.5821296607543278e-07
97411000AN0683,0.03275862068965517,0.032759,False,3.7931034483490444e-07
97416000HP0805,0.019144602851323828,0.019145,False,3.971486761712717e-07
97422000AY0831,0.007278472085084773,0.007278,False,4.720850847730537e-07
97412000CH0091,0.006731287022078621,0.006731,False,2.870220786209063e-07
97401000AL0608,0.006572420634920635,0.006572,False,4.2063492063527247e-07
97408000AV1122,0.006572420634920635,0.006572,False,4.2063492063527247e-07
97412000AV0213,0.006731287022078621,0.006731,False,2.870220786209063e-07
97411000EL0136,0.011601693517347555,0.011602,False,3.064826524443176e-07
97422000CS1011,0.011601693517347555,0.011602,False,3.064826524443176e-07
97415000CT1709,0.012004865408006769,0.012005,False,1.3459199323107018e-07
97410000BX0056,0.00907911802853437,0.009079,False,1.1802853436965188e-07
97415000BN0287,0.00805142928473349,0.008051,False,4.292847334899652e-07
97422000BZ0332,0.018904958677685952,0.018905,False,4.132231404968545e-08
97416000DS0921,0.041367351994054995,0.041367,False,3.519940549936984e-07
97415000AW0162,0.010748560460652593,0.010749,False,4.3953934740666167e-07
97415000AH0917,0.013878849212086165,0.013879,False,1.5078791383571488e-07
97418000AW0816,0.016022841787033924,0.016023,False,1.5821296607543278e-07
97422000CD0427,0.012004865408006769,0.012005,False,1.3459199323107018e-07
97411000HC0388,0.013754472403073493,0.013754,False,4.72403073492611e-07
97415000BP0431,0.007278472085084773,0.007278,False,4.720850847730537e-07
97411000CD0245,0.007278472085084773,0.007278,False,4.720850847730537e-07
97410000AK0527,0.007278472085084773,0.007278,False,4.720850847730537e-07
97418000AY0688,0.041367351994054995,0.041367,False,3.519940549936984e-07
97413000CS0421,0.010748560460652593,0.010749,False,4.3953934740666167e-07
97415000ER0867,0.012004865408006769,0.012005,False,1.3459199323107018e-07
97412000BX0218,0.009404388714733543,0.009404,False,3.887147335436547e-07
97415000BV1056,0.013754472403073493,0.013754,False,4.72403073492611e-07
97416000CZ2414,0.00907911802853437,0.009079,False,1.1802853436965188e-07
97420000BH2049,0.011834319526627219,0.011834,False,3.1952662721788927e-07
97411000BZ1601,0.016022841787033924,0.016023,False,1.5821296607543278e-07
97416000CZ1346,0.031053604436229204,0.031054,False,3.955637707941939e-07
97410000AH1135,0.00907911802853437,0.009079,False,1.1802853436965188e-07
97416000CZ1783,0.031997514756135444,0.031998,False,4.852438645550072e-07
97416000IM0268,0.00805142928473349,0.008051,False,4.292847334899652e-07
97408000AO1590,0.01264591439688716,0.012646,False,8.56031128395468e-08
97412000AH0910,0.010575332927147707,0.010575,False,3.329271477080231e-07
97414000DM0371,0.031451612903225803,0.031452,False,3.8709677419729305e-07
97414000EW0298,0.00805142928473349,0.008051,False,4.292847334899652e-07
97411000ES0109,0.041367351994054995,0.041367,False,3.519940549936984e-07
97424000AP0120,0.006572420634920635,0.006572,False,4.2063492063527247e-07
97401000AC0074,0.006731287022078621,0.006731,False,2.870220786209063e-07
97415000BS0079,0.010748560460652593,0.010749,False,4.3953934740666167e-07
97404000AH0456,0.007278472085084773,0.007278,False,4.720850847730537e-07
97414000DH1421,0.016022841787033924,0.016023,False,1.5821296607543278e-07
97405000AK1476,0.03250688705234161,0.032507,False,1.1294765839275911e-07
97405000AN0285,0.00805142928473349,0.008051,False,4.292847334899652e-07
97405000AS0391,0.008840227088402269,0.00884,False,2.270884022683578e-07
97418000AP1839,0.006731287022078621,0.006731,False,2.870220786209063e-07
97415000EP0534,0.023474178403755867,0.023474,False,1.7840375586899992e-07
97408000BI0276,0.010575332927147707,0.010575,False,3.329271477080231e-07
97416000CV0022,0.006572420634920635,0.006572,False,4.2063492063527247e-07
97422000DE0437,0.016022841787033924,0.016023,False,1.5821296607543278e-07
97422000DH0010,0.006572420634920635,0.006572,False,4.2063492063527247e-07
97414000HC0359,0.006731287022078621,0.006731,False,2.870220786209063e-07
97405000AN0630,0.007278472085084773,0.007278,False,4.720850847730537e-07
97418000AY0621,0.011601693517347555,0.011602,False,3.064826524443176e-07
97424000AC0028,0.004702194357366771,0.004702,False,1.9435736677182736e-07
97401000AT0663,0.006731287022078621,0.006731,False,2.870220786209063e-07
97415000DX0177,0.007278472085084773,0.007278,False,4.720850847730537e-07
97416000EW1086,0.006731287022078621,0.006731,False,2.870220786209063e-07
97410000BZ0407,0.004702194357366771,0.004702,False,1.9435736677182736e-07
97420000AY0380,0.006731287022078621,0.006731,False,2.870220786209063e-07
97422000BL0898,0.006731287022078621,0.006731,False,2.870220786209063e-07
97413000CQ0432,0.00907911802853437,0.009079,False,1.1802853436965188e-07
97409000AX0986,0.012004865408006769,0.012005,False,1.3459199323107018e-07
97409000AY0074,0.007278472085084773,0.007278,False,4.720850847730537e-07
97410000BI0638,0.007278472085084773,0.007278,False,4.720850847730537e-07
97405000AW0904,0.009585067473830243,0.009585,False,6.747383024356679e-08
97416000ET2274,0.013754472403073493,0.013754,False,4.72403073492611e-07
97404000AX0028,0.023474178403755867,0.023474,False,1.7840375586899992e-07
97410000AS0749,0.020465278992478575,0.020465,False,2.78992478574408e-07
97412000AM0493,0.012004865408006769,0.012005,False,1.3459199323107018e-07
97414000HL0552,0.012004865408006769,0.012005,False,1.3459199323107018e-07
97411000BE0499,0.011601693517347555,0.011602,False,3.064826524443176e-07
97411000HP0392,0.011601693517347555,0.011602,False,3.064826524443176e-07
97407000AL1296,0.00907911802853437,0.009079,False,1.1802853436965188e-07
97417000BC0756,0.00805142928473349,0.008051,False,4.292847334899652e-07
97422000BD2262,0.00805142928473349,0.008051,False,4.292847334899652e-07
97410000AT0741,0.008840227088402269,0.00884,False,2.270884022683578e-07
97413000BH0541,0.007278472085084773,0.007278,False,4.720850847730537e-07
97416000IC0415,0.016022841787033924,0.016023,False,1.5821296607543278e-07
97418000AS0344,0.019702323589249383,0.019702,False,3.23589249381917e-07
97411000HE0448,0.012004865408006769,0.012005,False,1.3459199323107018e-07
97415000CT1759,0.012899262899262898,0.012899,False,2.6289926289765897e-07
97414000DE0812,0.007278472085084773,0.007278,False,4.720850847730537e-07
97417000AK0133,0.027938342967244702,0.027938,False,3.429672447013976e-07
97418000AV2634,0.010575332927147707,0.010575,False,3.329271477080231e-07
97415000EH0356,0.012004865408006769,0.012005,False,1.3459199323107018e-07
97410000AN0182,0.018904958677685952,0.018905,False,4.132231404968545e-08
97415000DP0062,0.010575332927147707,0.010575,False,3.329271477080231e-07
97418000BV0482,0.007278472085084773,0.007278,False,4.720850847730537e-07
97412000BS0233,0.02226027397260274,0.02226,False,2.739726027399525e-07
97414000EN3143,0.013754472403073493,0.013754,False,4.72403073492611e-07
97416000CT0537,0.011834319526627219,0.011834,False,3.1952662721788927e-07
97408000AN0358,0.007718034473887318,0.007718,False,3.447388731772638e-08
97409000AZ0991,0.009585067473830243,0.009585,False,6.747383024356679e-08
97404000AY0434,0.010575332927147707,0.010575,False,3.329271477080231e-07
97418000AR1562,0.013754472403073493,0.013754,False,4.72403073492611e-07
97411000AZ0662,0.016022841787033924,0.016023,False,1.5821296607543278e-07
97420000BD1040,0.013754472403073493,0.013754,False,4.72403073492611e-07
97422000BV1209,0.00805142928473349,0.008051,False,4.292847334899652e-07
97417000BD1310,0.007278472085084773,0.007278,False,4.720850847730537e-07
97415000CX1194,0.041367351994054995,0.041367,False,3.519940549936984e-07
97416000DN0116,0.00805142928473349,0.008051,False,4.292847334899652e-07
97412000BC0420,0.007278472085084773,0.007278,False,4.720850847730537e-07
97407000AM0444,0.012004865408006769,0.012005,False,1.3459199323107018e-07
97405000BE1420,0.007278472085084773,0.007278,False,4.720850847730537e-07
97411000IN0233,0.016022841787033924,0.016023,False,1.5821296607543278e-07
97415000DN0365,0.007278472085084773,0.007278,False,4.720850847730537e-07
97416000IK0075,0.013703943115707821,0.013704,False,5.6884292177691864e-08
97413000CW0301,0.013703943115707821,0.013704,False,5.6884292177691864e-08
97410000AK0722,0.012004865408006769,0.012005,False,1.3459199323107018e-07
97410000BM0743,0.006731287022078621,0.006731,False,2.870220786209063e-07
97406000AM0674,0.013878849212086165,0.013879,False,1.5078791383571488e-07
97422000BY0855,0.041367351994054995,0.041367,False,3.519940549936984e-07
97414000CS0724,0.006731287022078621,0.006731,False,2.870220786209063e-07
97414000DE1086,0.00907911802853437,0.009079,False,1.1802853436965188e-07
97409000AM0341,0.010575332927147707,0.010575,False,3.329271477080231e-07
97412000CV0301,0.006731287022078621,0.006731,False,2.870220786209063e-07
97411000AP0183,0.041367351994054995,0.041367,False,3.519940549936984e-07
97411000IT0264,0.008840227088402269,0.00884,False,2.270884022683578e-07
97418000AN0153,0.013703943115707821,0.013704,False,5.6884292177691864e-08
97418000AV2030,0.010575332927147707,0.010575,False,3.329271477080231e-07
97424000AB0018,0.013703943115707821,0.013704,False,5.6884292177691864e-08
97424000AM0989,0.007278472085084773,0.007278,False,4.720850847730537e-07
97415000BX0071,0.006572420634920635,0.006572,False,4.2063492063527247e-07
97415000BZ0279,0.016022841787033924,0.016023,False,1.5821296607543278e-07
97415000DM1485,0.016883261135177165,0.016883,False,2.6113517716599977e-07
97415000EM0171,0.008840227088402269,0.00884,False,2.270884022683578e-07
97422000AD1132,0.016022841787033924,0.016023,False,1.5821296607543278e-07
97410000AH1235,0.016022841787033924,0.016023,False,1.5821296607543278e-07
97411000AY0560,0.031053604436229204,0.031054,False,3.955637707941939e-07
97412000BM0393,0.011601693517347555,0.011602,False,3.064826524443176e-07
97415000CL0602,0.007278472085084773,0.007278,False,4.720850847730537e-07
97422000BL1274,0.010575332927147707,0.010575,False,3.329271477080231e-07
97422000CS0548,0.013754472403073493,0.013754,False,4.72403073492611e-07
97401000AM0871,0.018904958677685952,0.018905,False,4.132231404968545e-08
97424000AE1837,0.011834319526627219,0.011834,False,3.1952662721788927e-07
97423000AK0386,0.008840227088402269,0.00884,False,2.270884022683578e-07
97416000DM0627,0.010575332927147707,0.010575,False,3.329271477080231e-07
97410000BN0406,0.00805142928473349,0.008051,False,4.292847334899652e-07
97410000AS0217,0.013754472403073493,0.013754,False,4.72403073492611e-07
97415000EP1100,0.011601693517347555,0.011602,False,3.064826524443176e-07
97415000CP1063,0.013754472403073493,0.013754,False,4.72403073492611e-07
97416000EX0556,0.01320901320901321,0.013209,False,1.3209013209614096e-08
97413000AC0627,0.00805142928473349,0.008051,False,4.292847334899652e-07
97408000AB0265,0.041367351994054995,0.041367,False,3.519940549936984e-07
97416000DE1809,0.031997514756135444,0.031998,False,4.852438645550072e-07
97401000AD0110,0.016022841787033924,0.016023,False,1.5821296607543278e-07
97404000AW0719,0.007278472085084773,0.007278,False,4.720850847730537e-07
97415000AH1240,0.018904958677685952,0.018905,False,4.132231404968545e-08
97404000AD1227,0.007278472085084773,0.007278,False,4.720850847730537e-07
97415000BO0215,0.011834319526627219,0.011834,False,3.1952662721788927e-07
97406000AV0830,0.013878849212086165,0.013879,False,1.5078791383571488e-07
97411000BN0016,0.007278472085084773,0.007278,False,4.720850847730537e-07
97408000AR0566,0.010575332927147707,0.010575,False,3.329271477080231e-07
97410000BZ0375,0.00907911802853437,0.009079,False,1.1802853436965188e-07
97415000CH2491,0.010748560460652593,0.010749,False,4.3953934740666167e-07
97415000AY0935,0.018904958677685952,0.018905,False,4.132231404968545e-08
97415000BO0063,0.010575332927147707,0.010575,False,3.329271477080231e-07
97422000BE2402,0.010575332927147707,0.010575,False,3.329271477080231e-07
97409000AK0977,0.018904958677685952,0.018905,False,4.132231404968545e-08
97422000BV0656,0.00805142928473349,0.008051,False,4.292847334899652e-07
97413000BH0676,0.008840227088402269,0.00884,False,2.270884022683578e-07
97409000AY0003,0.007278472085084773,0.007278,False,4.720850847730537e-07
97422000DL0579,0.00805142928473349,0.008051,False,4.292847334899652e-07
97401000AN0644,0.041367351994054995,0.041367,False,3.519940549936984e-07
97408000BR0024,0.041367351994054995,0.041367,False,3.519940549936984e-07
97416000DW0282,0.012004865408006769,0.012005,False,1.3459199323107018e-07
97411000BZ1294,0.016022841787033924,0.016023,False,1.5821296607543278e-07
97402000AD0390,0.01695293330359135,0.016953,False,6.669640864945259e-08
97411000EM0274,0.013878849212086165,0.013879,False,1.5078791383571488e-07
97421000BM0231,0.006731287022078621,0.006731,False,2.870220786209063e-07
97415000DR0208,0.006731287022078621,0.006731,False,2.870220786209063e-07
97416000EY0645,0.006572420634920635,0.006572,False,4.2063492063527247e-07
97414000CM0436,0.006731287022078621,0.006731,False,2.870220786209063e-07
97414000DN0020,0.010575332927147707,0.010575,False,3.329271477080231e-07
97410000CN0020,0.004702194357366771,0.004702,False,1.9435736677182736e-07
97412000BK1483,0.016022841787033924,0.016023,False,1.5821296607543278e-07
97411000BK0566,0.016883261135177165,0.016883,False,2.6113517716599977e-07
97418000AT1860,0.010748560460652593,0.010749,False,4.3953934740666167e-07
97415000CR0924,0.00907911802853437,0.009079,False,1.1802853436965188e-07
97408000AN0446,0.016883261135177165,0.016883,False,2.6113517716599977e-07
97416000EP0409,0.008840227088402269,0.00884,False,2.270884022683578e-07
97416000EP0489,0.006731287022078621,0.006731,False,2.870220786209063e-07
97413000DE0578,0.016022841787033924,0.016023,False,1.5821296607543278e-07
97407000AY0082,0.012004865408006769,0.012005,False,1.3459199323107018e-07
97420000AE0417,0.008840227088402269,0.00884,False,2.270884022683578e-07
97406000AW0723,0.009541397353031703,0.009541,False,3.973530317037677e-07
97415000DR0239,0.006731287022078621,0.006731,False,2.870220786209063e-07
97412000CZ1227,0.00805142928473349,0.008051,False,4.292847334899652e-07
97407000AK1686,0.016022841787033924,0.016023,False,1.5821296607543278e-07
97408000AS0119,0.011601693517347555,0.011602,False,3.064826524443176e-07
97409000AP1138,0.008840227088402269,0.00884,False,2.270884022683578e-07
97411000DE0354,0.041367351994054995,0.041367,False,3.519940549936984e-07
97406000AI0596,0.013754472403073493,0.013754,False,4.72403073492611e-07
97413000CR1016,0.011601693517347555,0.011602,False,3.064826524443176e-07
97413000CS0821,0.018904958677685952,0.018905,False,4.132231404968545e-08
97401000AL0180,0.01320901320901321,0.013209,False,1.3209013209614096e-08
97409000AY0423,0.016187989556135773,0.016188,False,1.0443864228298905e-08
97416000CW1203,0.013754472403073493,0.013754,False,4.72403073492611e-07
97408000AR0923,0.010575332927147707,0.010575,False,3.329271477080231e-07
97412000AM1272,0.013754472403073493,0.013754,False,4.72403073492611e-07
97424000AE0562,0.011601693517347555,0.011602,False,3.064826524443176e-07
97412000BM0544,0.010575332927147707,0.010575,False,3.329271477080231e-07
97423000AH0682,0.00907911802853437,0.009079,False,1.1802853436965188e-07
97403000AO0829,0.00805142928473349,0.008051,False,4.292847334899652e-07
97406000AK0097,0.007278472085084773,0.007278,False,4.720850847730537e-07
97414000EW0530,0.007278472085084773,0.007278,False,4.720850847730537e-07
97422000BP1342,0.018904958677685952,0.018905,False,4.132231404968545e-08
97410000BM0170,0.00805142928473349,0.008051,False,4.292847334899652e-07
97411000AV0312,0.031451612903225803,0.031452,False,3.8709677419729305e-07
97416000DM0519,0.011601693517347555,0.011602,False,3.064826524443176e-07
97407000BC0236,0.013754472403073493,0.013754,False,4.72403073492611e-07
97415000ER0877,0.011601693517347555,0.011602,False,3.064826524443176e-07
97408000AM1267,0.019702323589249383,0.019702,False,3.23589249381917e-07
97422000BW1827,0.010575332927147707,0.010575,False,3.329271477080231e-07
97415000DN0425,0.012004865408006769,0.012005,False,1.3459199323107018e-07
97415000CW0922,0.016022841787033924,0.016023,False,1.5821296607543278e-07
97415000CZ0967,0.010575332927147707,0.010575,False,3.329271477080231e-07
97403000AP0876,0.011834319526627219,0.011834,False,3.1952662721788927e-07
97411000EP0076,0.023474178403755867,0.023474,False,1.7840375586899992e-07
97414000DT0818,0.018904958677685952,0.018905,False,4.132231404968545e-08
97422000BW3498,0.008840227088402269,0.00884,False,2.270884022683578e-07
97413000DA0395,0.027501462843768292,0.027501,False,4.6284376829103246e-07
97413000DC0593,0.00805142928473349,0.008051,False,4.292847334899652e-07
97414000DS0469,0.007278472085084773,0.007278,False,4.720850847730537e-07
97414000HC0135,0.010575332927147707,0.010575,False,3.329271477080231e-07
97422000AV0531,0.00805142928473349,0.008051,False,4.292847334899652e-07
97401000AC0215,0.009841443411700382,0.009841,False,4.4341170038139643e-07
97409000AL2131,0.012004865408006769,0.012005,False,1.3459199323107018e-07
97420000BC1215,0.00907911802853437,0.009079,False,1.1802853436965188e-07
97410000AK0377,0.016022841787033924,0.016023,False,1.5821296607543278e-07
97416000DS0771,0.041367351994054995,0.041367,False,3.519940549936984e-07
97416000IK0239,0.010575332927147707,0.010575,False,3.329271477080231e-07
97416000IK0401,0.010575332927147707,0.010575,False,3.329271477080231e-07
97420000AS1108,0.01264591439688716,0.012646,False,8.56031128395468e-08
97418000AT1809,0.019702323589249383,0.019702,False,3.23589249381917e-07
97406000AW0170,0.009841443411700382,0.009841,False,4.4341170038139643e-07
97422000BM0836,0.007278472085084773,0.007278,False,4.720850847730537e-07
97413000CI0536,0.006731287022078621,0.006731,False,2.870220786209063e-07
97413000DB0159,0.010748560460652593,0.010749,False,4.3953934740666167e-07
97405000BE0004,0.006731287022078621,0.006731,False,2.870220786209063e-07
97418000AY0156,0.007278472085084773,0.007278,False,4.720850847730537e-07
97418000BS0118,0.041367351994054995,0.041367,False,3.519940549936984e-07
97403000AR0605,0.007278472085084773,0.007278,False,4.720850847730537e-07
97416000CX1291,0.010575332927147707,0.010575,False,3.329271477080231e-07
97414000DH1204,0.00805142928473349,0.008051,False,4.292847334899652e-07
97414000HI1157,0.008840227088402269,0.00884,False,2.270884022683578e-07
97414000HL0281,0.008840227088402269,0.00884,False,2.270884022683578e-07
97412000BD0223,0.007278472085084773,0.007278,False,4.720850847730537e-07
97420000BI0253,0.006572420634920635,0.006572,False,4.2063492063527247e-07
97424000AE0510,0.008840227088402269,0.00884,False,2.270884022683578e-07
97422000AK1229,0.041367351994054995,0.041367,False,3.519940549936984e-07
97409000BN0347,0.007278472085084773,0.007278,False,4.720850847730537e-07
97411000HH0320,0.016022841787033924,0.016023,False,1.5821296607543278e-07
97415000AH0615,0.008840227088402269,0.00884,False,2.270884022683578e-07
97415000DS0657,0.006731287022078621,0.006731,False,2.870220786209063e-07
97415000EK0413,0.006572420634920635,0.006572,False,4.2063492063527247e-07
97422000AN0490,0.006572420634920635,0.006572,False,4.2063492063527247e-07
97413000DD0153,0.006731287022078621,0.006731,False,2.870220786209063e-07
97410000BC0223,0.0029154518950437317,0.002915,False,4.518950437316753e-07
97405000AY0147,0.006731287022078621,0.006731,False,2.870220786209063e-07
97411000BN0545,0.020465278992478575,0.020465,False,2.78992478574408e-07
97416000DY0492,0.007278472085084773,0.007278,False,4.720850847730537e-07
97416000HI0661,0.007278472085084773,0.007278,False,4.720850847730537e-07
97416000CX1501,0.019702323589249383,0.019702,False,3.23589249381917e-07
97422000BV2259,0.00907911802853437,0.009079,False,1.1802853436965188e-07
97403000AP1827,0.007278472085084773,0.007278,False,4.720850847730537e-07
97416000DV0095,0.018904958677685952,0.018905,False,4.132231404968545e-08
97401000AS0579,0.008840227088402269,0.00884,False,2.270884022683578e-07
97415000DT0508,0.00805142928473349,0.008051,False,4.292847334899652e-07
97401000AR1046,0.013754472403073493,0.013754,False,4.72403073492611e-07
97419000AK0662,0.007278472085084773,0.007278,False,4.720850847730537e-07
97403000AT0461,0.00805142928473349,0.008051,False,4.292847334899652e-07
97410000AE0361,0.010575332927147707,0.010575,False,3.329271477080231e-07
97418000AS1185,0.011834319526627219,0.011834,False,3.1952662721788927e-07
97409000AR2390,0.010575332927147707,0.010575,False,3.329271477080231e-07
97412000CV0719,0.011601693517347555,0.011602,False,3.064826524443176e-07
97401000AI0785,0.011601693517347555,0.011602,False,3.064826524443176e-07
97410000AB0518,0.016022841787033924,0.016023,False,1.5821296607543278e-07
97414000CO1247,0.013754472403073493,0.013754,False,4.72403073492611e-07
97414000ET2259,0.04619565217391304,0.046196,False,3.478260869604899e-07
97411000AN0300,0.01695293330359135,0.016953,False,6.669640864945259e-08
97414000EN2588,0.019702323589249383,0.019702,False,3.23589249381917e-07
97416000CZ1845,0.016022841787033924,0.016023,False,1.5821296607543278e-07
97409000AY0909,0.011834319526627219,0.011834,False,3.1952662721788927e-07
97410000AB1129,0.012004865408006769,0.012005,False,1.3459199323107018e-07
97413000CX1033,0.013754472403073493,0.013754,False,4.72403073492611e-07
97409000AR1155,0.011834319526627219,0.011834,False,3.1952662721788927e-07
97422000EH0114,0.010575332927147707,0.010575,False,3.329271477080231e-07
97406000AB0041,0.009841443411700382,0.009841,False,4.4341170038139643e-07
97415000CV1402,0.016022841787033924,0.016023,False,1.5821296607543278e-07
97422000BR0758,0.006572420634920635,0.006572,False,4.2063492063527247e-07
97413000CX1360,0.00907911802853437,0.009079,False,1.1802853436965188e-07
97409000AY1055,0.008840227088402269,0.00884,False,2.270884022683578e-07
97412000CE1002,0.006731287022078621,0.006731,False,2.870220786209063e-07
97416000DH1238,0.016022841787033924,0.016023,False,1.5821296607543278e-07
97413000CE0298,0.010575332927147707,0.010575,False,3.329271477080231e-07
97410000AT0735,0.00907911802853437,0.009079,False,1.1802853436965188e-07
97410000BE0720,0.016022841787033924,0.016023,False,1.5821296607543278e-07
97407000BI0408,0.019702323589249383,0.019702,False,3.23589249381917e-07
97420000AI0509,0.007278472085084773,0.007278,False,4.720850847730537e-07
97423000AB1382,0.031053604436229204,0.031054,False,3.955637707941939e-07
97421000AK0348,0.007718034473887318,0.007718,False,3.447388731772638e-08
97415000DL0131,0.0050568900126422255,0.005057,False,1.0998735777440621e-07
97408000AR0577,0.010575332927147707,0.010575,False,3.329271477080231e-07
97422000EL0448,0.041367351994054995,0.041367,False,3.519940549936984e-07
97409000BI0590,0.01264591439688716,0.012646,False,8.56031128395468e-08
97418000AI0276,0.010160427807486633,0.01016,False,4.2780748663213963e-07
97416000EY0887,0.007278472085084773,0.007278,False,4.720850847730537e-07
97422000BI0402,0.006731287022078621,0.006731,False,2.870220786209063e-07
97422000CZ0454,0.007278472085084773,0.007278,False,4.720850847730537e-07
97414000CS0619,0.006731287022078621,0.006731,False,2.870220786209063e-07
97405000AI0845,0.006572420634920635,0.006572,False,4.2063492063527247e-07
97405000BE0615,0.012004865408006769,0.012005,False,1.3459199323107018e-07
97408000AS0180,0.009541397353031703,0.009541,False,3.973530317037677e-07
97413000DF0170,0.008840227088402269,0.00884,False,2.270884022683578e-07
97415000AH0022,0.013703943115707821,0.013704,False,5.6884292177691864e-08
97418000AP1136,0.007278472085084773,0.007278,False,4.720850847730537e-07
97415000EW0910,0.041367351994054995,0.041367,False,3.519940549936984e-07
97409000AY1378,0.019702323589249383,0.019702,False,3.23589249381917e-07
97413000CI0338,0.013754472403073493,0.013754,False,4.72403073492611e-07
97422000BP0782,0.016022841787033924,0.016023,False,1.5821296607543278e-07
97421000AM0237,0.007278472085084773,0.007278,False,4.720850847730537e-07
97401000AL0182,0.010575332927147707,0.010575,False,3.329271477080231e-07
97416000HN1775,0.012004865408006769,0.012005,False,1.3459199323107018e-07
97422000BX0432,0.013754472403073493,0.013754,False,4.72403073492611e-07
97423000AB1949,0.013754472403073493,0.013754,False,4.72403073492611e-07
97414000CO1166,0.00907911802853437,0.009079,False,1.1802853436965188e-07
97418000BP0177,0.00805142928473349,0.008051,False,4.292847334899652e-07
97403000AR0804,0.008840227088402269,0.00884,False,2.270884022683578e-07
97416000CZ1076,0.009585067473830243,0.009585,False,6.747383024356679e-08
97411000HZ0053,0.041367351994054995,0.041367,False,3.519940549936984e-07
97407000AM0364,0.011601693517347555,0.011602,False,3.064826524443176e-07
97414000EN1298,0.010575332927147707,0.010575,False,3.329271477080231e-07
97415000BV0838,0.00805142928473349,0.008051,False,4.292847334899652e-07
97409000AX0594,0.00907911802853437,0.009079,False,1.1802853436965188e-07
97412000BW1805,0.009585067473830243,0.009585,False,6.747383024356679e-08
97416000DY0371,0.00805142928473349,0.008051,False,4.292847334899652e-07
97415000CM1292,0.00907911802853437,0.009079,False,1.1802853436965188e-07
97422000BS1550,0.010575332927147707,0.010575,False,3.329271477080231e-07
97411000AS0391,0.016022841787033924,0.016023,False,1.5821296607543278e-07
97422000AW0729,0.011601693517347555,0.011602,False,3.064826524443176e-07
97415000EW1282,0.016022841787033924,0.016023,False,1.5821296607543278e-07
97415000ES0759,0.007278472085084773,0.007278,False,4.720850847730537e-07
97412000CD0068,0.00907911802853437,0.009079,False,1.1802853436965188e-07
97418000BT0521,0.010575332927147707,0.010575,False,3.329271477080231e-07
97422000DE0565,0.00805142928473349,0.008051,False,4.292847334899652e-07
97409000AM0159,0.00907911802853437,0.009079,False,1.1802853436965188e-07
97412000CW1201,0.013878849212086165,0.013879,False,1.5078791383571488e-07
97411000HT0207,0.027501462843768292,0.027501,False,4.6284376829103246e-07
97416000IE1975,0.019702323589249383,0.019702,False,3.23589249381917e-07
97422000BX0119,0.013754472403073493,0.013754,False,4.72403073492611e-07
97416000ER0454,0.016022841787033924,0.016023,False,1.5821296607543278e-07
97401000AC0144,0.009841443411700382,0.009841,False,4.4341170038139643e-07
97416000EI1511,0.013878849212086165,0.013879,False,1.5078791383571488e-07
97422000BH1064,0.011834319526627219,0.011834,False,3.1952662721788927e-07
97422000BT1126,0.016022841787033924,0.016023,False,1.5821296607543278e-07
97409000AI0572,0.016022841787033924,0.016023,False,1.5821296607543278e-07
97415000CE0185,0.007278472085084773,0.007278,False,4.720850847730537e-07
97422000CV0184,0.008840227088402269,0.00884,False,2.270884022683578e-07
97414000ET1329,0.041367351994054995,0.041367,False,3.519940549936984e-07
97412000CY0064,0.007278472085084773,0.007278,False,4.720850847730537e-07
97423000AK1625,0.006731287022078621,0.006731,False,2.870220786209063e-07
97401000AP0550,0.006731287022078621,0.006731,False,2.870220786209063e-07
97415000ET0034,0.007278472085084773,0.007278,False,4.720850847730537e-07
97408000AO0866,0.011601693517347555,0.011602,False,3.064826524443176e-07
97408000AP1350,0.019144602851323828,0.019145,False,3.971486761712717e-07
97422000BL0892,0.006572420634920635,0.006572,False,4.2063492063527247e-07
97422000BL0028,0.006731287022078621,0.006731,False,2.870220786209063e-07
97413000CM0015,0.007278472085084773,0.007278,False,4.720850847730537e-07
97412000AW0335,0.006731287022078621,0.006731,False,2.870220786209063e-07
97410000CL0297,0.006731287022078621,0.006731,False,2.870220786209063e-07
97411000DM0744,0.016022841787033924,0.016023,False,1.5821296607543278e-07
97403000AT0196,0.006731287022078621,0.006731,False,2.870220786209063e-07
97401000AH0231,0.0050568900126422255,0.005057,False,1.0998735777440621e-07
97415000CH3311,0.006731287022078621,0.006731,False,2.870220786209063e-07
97416000EV1673,0.006731287022078621,0.006731,False,2.870220786209063e-07
97407000AH0948,0.016022841787033924,0.016023,False,1.5821296607543278e-07
97407000AL0994,0.016022841787033924,0.016023,False,1.5821296607543278e-07
97404000AT0329,0.012004865408006769,0.012005,False,1.3459199323107018e-07
97416000DX0112,0.00907911802853437,0.009079,False,1.1802853436965188e-07
97421000AL0486,0.019702323589249383,0.019702,False,3.23589249381917e-07
97411000AZ0470,0.00907911802853437,0.009079,False,1.1802853436965188e-07
97422000AY0015,0.007278472085084773,0.007278,False,4.720850847730537e-07
97413000CR0790,0.011834319526627219,0.011834,False,3.1952662721788927e-07
97416000HV0273,0.013754472403073493,0.013754,False,4.72403073492611e-07
97422000AY1360,0.009585067473830243,0.009585,False,6.747383024356679e-08
97401000AS1069,0.009585067473830243,0.009585,False,6.747383024356679e-08
97415000CL0623,0.06758448060075094,0.067584,False,4.806007509322585e-07
97412000BK0972,0.00805142928473349,0.008051,False,4.292847334899652e-07
97416000EI0453,0.010575332927147707,0.010575,False,3.329271477080231e-07
97402000AH0722,0.00805142928473349,0.008051,False,4.292847334899652e-07
97414000DI0487,0.007278472085084773,0.007278,False,4.720850847730537e-07
97413000CO0552,0.006731287022078621,0.006731,False,2.870220786209063e-07
97404000AT0109,0.01320901320901321,0.013209,False,1.3209013209614096e-08
97415000DV0299,0.010575332927147707,0.010575,False,3.329271477080231e-07
97415000AZ2035,0.008840227088402269,0.00884,False,2.270884022683578e-07
97412000AO0580,0.013754472403073493,0.013754,False,4.72403073492611e-07
97422000BW0701,0.007278472085084773,0.007278,False,4.720850847730537e-07
97411000HL0025,0.016022841787033924,0.016023,False,1.5821296607543278e-07
97420000AS0693,0.006731287022078621,0.006731,False,2.870220786209063e-07
97406000AC0075,0.006731287022078621,0.006731,False,2.870220786209063e-07
97423000AE0734,0.008840227088402269,0.00884,False,2.270884022683578e-07
97416000CR1175,0.016022841787033924,0.016023,False,1.5821296607543278e-07
97422000DL0697,0.006572420634920635,0.006572,False,4.2063492063527247e-07
97420000AS0635,0.007278472085084773,0.007278,False,4.720850847730537e-07
97402000AE0557,0.016022841787033924,0.016023,False,1.5821296607543278e-07
97415000CR1008,0.006731287022078621,0.006731,False,2.870220786209063e-07
97416000HI1102,0.041367351994054995,0.041367,False,3.519940549936984e-07
97413000CX2523,0.020976616231086657,0.001545,True,0.019431616231086656
97413000CX0837,0.011601693517347555,0.011602,False,3.064826524443176e-07
97414000DK0698,0.00907911802853437,0.009079,False,1.1802853436965188e-07
97410000AE0648,0.006731287022078621,0.006731,False,2.870220786209063e-07
97407000AY0537,0.019144602851323828,0.019145,False,3.971486761712717e-07
97405000AW1667,0.00907911802853437,0.009079,False,1.1802853436965188e-07
97424000AE1380,0.016883261135177165,0.016883,False,2.6113517716599977e-07
97401000AI0200,0.007718034473887318,0.007718,False,3.447388731772638e-08
97401000AN0460,0.006731287022078621,0.006731,False,2.870220786209063e-07
97415000AS1215,0.006731287022078621,0.006731,False,2.870220786209063e-07
97415000BP0674,0.013878849212086165,0.013879,False,1.5078791383571488e-07
97415000CE0060,0.006731287022078621,0.006731,False,2.870220786209063e-07
97409000BO0193,0.006572420634920635,0.006572,False,4.2063492063527247e-07
97419000AO0147,0.006731287022078621,0.006731,False,2.870220786209063e-07
97415000EV0552,0.016022841787033924,0.016023,False,1.5821296607543278e-07
97408000AO0812,0.013878849212086165,0.013879,False,1.5078791383571488e-07
97408000AO1345,0.013703943115707821,0.013704,False,5.6884292177691864e-08
97404000AD1370,0.004343629343629344,0.004344,False,3.706563706561486e-07
97422000CY0156,0.007718034473887318,0.007718,False,3.447388731772638e-08
97422000EC0387,0.016022841787033924,0.016023,False,1.5821296607543278e-07
97414000HI1231,0.008840227088402269,0.00884,False,2.270884022683578e-07
97412000BK0695,0.006731287022078621,0.006731,False,2.870220786209063e-07
97412000BM0770,0.00907911802853437,0.009079,False,1.1802853436965188e-07
