idu,strate,grandeur,surface,valeur
97401000AB0001,special_M43_societe,tier,fiche_v2,ecartee
97401000AB0001,special_M43_societe,tier,fiche_legacy,ecartee
97401000AB0001,special_M43_societe,tier,carte_tuile,ecartee
97401000AB0001,special_M43_societe,tier,db_verite,ecartee
97401000AB0001,special_M43_societe,tier,export_md,ecartee
97401000AB0001,special_M43_societe,rang,fiche_v2,394795
97401000AB0001,special_M43_societe,rang,fiche_legacy,394795
97401000AB0001,special_M43_societe,rang,carte_tuile,394795
97401000AB0001,special_M43_societe,rang,db_verite,394795
97401000AB0001,special_M43_societe,mult,fiche_v2,0.52
97401000AB0001,special_M43_societe,mult,carte_tuile,0.52
97401000AB0001,special_M43_societe,mult,db_verite,0.52
97401000AB0001,special_M43_societe,modeb_dispo,fiche_v2,False
97401000AB0001,special_M43_societe,modeb_dispo,fiche_legacy,False
97401000AB0001,special_M43_societe,modeb_dispo,endpoint_modeb,False
97401000AB0001,special_M43_societe,vigilances,fiche_v2,"ocs_ge,pente,prescription_plu,ravine,risques,sup"
97401000AB0001,special_M43_societe,vigilances,carte_tuile,"ocs_ge,pente,prescription_plu,ravine,risques,sup"
97401000AB0013,special_M38_depot_permis,tier,fiche_v2,ecartee
97401000AB0013,special_M38_depot_permis,tier,fiche_legacy,ecartee
97401000AB0013,special_M38_depot_permis,tier,carte_tuile,ecartee
97401000AB0013,special_M38_depot_permis,tier,db_verite,ecartee
97401000AB0013,special_M38_depot_permis,tier,export_md,ecartee
97401000AB0013,special_M38_depot_permis,rang,fiche_v2,418967
97401000AB0013,special_M38_depot_permis,rang,fiche_legacy,418967
97401000AB0013,special_M38_depot_permis,rang,carte_tuile,418967
97401000AB0013,special_M38_depot_permis,rang,db_verite,418967
97401000AB0013,special_M38_depot_permis,mult,fiche_v2,0.43
97401000AB0013,special_M38_depot_permis,mult,carte_tuile,0.43
97401000AB0013,special_M38_depot_permis,mult,db_verite,0.43
97401000AB0013,special_M38_depot_permis,modeb_dispo,fiche_v2,False
97401000AB0013,special_M38_depot_permis,modeb_dispo,fiche_legacy,False
97401000AB0013,special_M38_depot_permis,modeb_dispo,endpoint_modeb,False
97401000AB0013,special_M38_depot_permis,vigilances,fiche_v2,"prescription_plu,ravine,risques,sup"
97401000AB0013,special_M38_depot_permis,vigilances,carte_tuile,"prescription_plu,ravine,risques,sup"
97401000AD0095,special_sans_adresse,tier,fiche_v2,a_creuser
97401000AD0095,special_sans_adresse,tier,fiche_legacy,a_creuser
97401000AD0095,special_sans_adresse,tier,carte_tuile,a_creuser
97401000AD0095,special_sans_adresse,tier,db_verite,a_creuser
97401000AD0095,special_sans_adresse,tier,export_md,a_creuser
97401000AD0095,special_sans_adresse,rang,fiche_v2,116123
97401000AD0095,special_sans_adresse,rang,fiche_legacy,116123
97401000AD0095,special_sans_adresse,rang,carte_tuile,116123
97401000AD0095,special_sans_adresse,rang,db_verite,116123
97401000AD0095,special_sans_adresse,mult,fiche_v2,1.17
97401000AD0095,special_sans_adresse,mult,carte_tuile,1.17
97401000AD0095,special_sans_adresse,mult,db_verite,1.17
97401000AD0095,special_sans_adresse,ca_central,module_faisa,0
97401000AD0095,special_sans_adresse,ca_central,fiche_legacy,0
97401000AD0095,special_sans_adresse,charge_fonciere_central,module_faisa,0
97401000AD0095,special_sans_adresse,charge_fonciere_central,fiche_legacy,0
97401000AD0095,special_sans_adresse,modeb_dispo,fiche_v2,False
97401000AD0095,special_sans_adresse,modeb_dispo,fiche_legacy,False
97401000AD0095,special_sans_adresse,modeb_dispo,endpoint_modeb,False
97401000AD0095,special_sans_adresse,vigilances,fiche_v2,"declassement,parc_national,risques"
97401000AD0095,special_sans_adresse,vigilances,carte_tuile,"declassement,parc_national,risques"
97401000AD0124,special_M44_locatif_score_e,tier,fiche_v2,a_creuser
97401000AD0124,special_M44_locatif_score_e,tier,fiche_legacy,a_creuser
97401000AD0124,special_M44_locatif_score_e,tier,carte_tuile,a_creuser
97401000AD0124,special_M44_locatif_score_e,tier,db_verite,a_creuser
97401000AD0124,special_M44_locatif_score_e,tier,export_md,a_creuser
97401000AD0124,special_M44_locatif_score_e,rang,fiche_v2,58432
97401000AD0124,special_M44_locatif_score_e,rang,fiche_legacy,58432
97401000AD0124,special_M44_locatif_score_e,rang,carte_tuile,58432
97401000AD0124,special_M44_locatif_score_e,rang,db_verite,58432
97401000AD0124,special_M44_locatif_score_e,mult,fiche_v2,1.32
97401000AD0124,special_M44_locatif_score_e,mult,carte_tuile,1.32
97401000AD0124,special_M44_locatif_score_e,mult,db_verite,1.32
97401000AD0124,special_M44_locatif_score_e,prix_probable,fiche_legacy,55302
97401000AD0124,special_M44_locatif_score_e,charge_supportable,fiche_legacy,71503
97401000AD0124,special_M44_locatif_score_e,marge_estimee,fiche_legacy,16201
97401000AD0124,special_M44_locatif_score_e,ca_central,module_faisa,400000
97401000AD0124,special_M44_locatif_score_e,ca_central,fiche_legacy,400000
97401000AD0124,special_M44_locatif_score_e,charge_fonciere_central,module_faisa,0
97401000AD0124,special_M44_locatif_score_e,charge_fonciere_central,fiche_legacy,0
97401000AD0124,special_M44_locatif_score_e,modeb_dispo,fiche_v2,False
97401000AD0124,special_M44_locatif_score_e,modeb_dispo,fiche_legacy,False
97401000AD0124,special_M44_locatif_score_e,modeb_dispo,endpoint_modeb,False
97401000AD0124,special_M44_locatif_score_e,sdp_residuelle,fiche_v2,157
97401000AD0124,special_M44_locatif_score_e,sdp_residuelle,carte_tuile,157
97401000AD0124,special_M44_locatif_score_e,sdp_residuelle,db_residuel,157
97401000AD0124,special_M44_locatif_score_e,vigilances,fiche_v2,"parc_national,residuel_socle,risques"
97401000AD0124,special_M44_locatif_score_e,vigilances,carte_tuile,"parc_national,residuel_socle,risques"
97404000AZ0004,temoin_AZ0004_renouvellement_rang1,tier,fiche_v2,ecartee
97404000AZ0004,temoin_AZ0004_renouvellement_rang1,tier,fiche_legacy,ecartee
97404000AZ0004,temoin_AZ0004_renouvellement_rang1,tier,carte_tuile,ecartee
97404000AZ0004,temoin_AZ0004_renouvellement_rang1,tier,db_verite,ecartee
97404000AZ0004,temoin_AZ0004_renouvellement_rang1,tier,export_md,ecartee
97404000AZ0004,temoin_AZ0004_renouvellement_rang1,rang,fiche_v2,6916
97404000AZ0004,temoin_AZ0004_renouvellement_rang1,rang,fiche_legacy,6916
97404000AZ0004,temoin_AZ0004_renouvellement_rang1,rang,carte_tuile,6916
97404000AZ0004,temoin_AZ0004_renouvellement_rang1,rang,db_verite,6916
97404000AZ0004,temoin_AZ0004_renouvellement_rang1,mult,fiche_v2,2.65
97404000AZ0004,temoin_AZ0004_renouvellement_rang1,mult,carte_tuile,2.65
97404000AZ0004,temoin_AZ0004_renouvellement_rang1,mult,db_verite,2.65
97404000AZ0004,temoin_AZ0004_renouvellement_rang1,ca_central,module_faisa,39208750
97404000AZ0004,temoin_AZ0004_renouvellement_rang1,ca_central,fiche_legacy,39208750
97404000AZ0004,temoin_AZ0004_renouvellement_rang1,charge_fonciere_central,module_faisa,1670529
97404000AZ0004,temoin_AZ0004_renouvellement_rang1,charge_fonciere_central,fiche_legacy,1670529
97404000AZ0004,temoin_AZ0004_renouvellement_rang1,modeb_dispo,fiche_v2,False
97404000AZ0004,temoin_AZ0004_renouvellement_rang1,modeb_dispo,fiche_legacy,False
97404000AZ0004,temoin_AZ0004_renouvellement_rang1,modeb_dispo,endpoint_modeb,False
97404000AZ0004,temoin_AZ0004_renouvellement_rang1,sdp_residuelle,fiche_v2,3151
97404000AZ0004,temoin_AZ0004_renouvellement_rang1,sdp_residuelle,carte_tuile,3151
97404000AZ0004,temoin_AZ0004_renouvellement_rang1,sdp_residuelle,db_residuel,3151
97404000AZ0004,temoin_AZ0004_renouvellement_rang1,vigilances,fiche_v2,"cinquante_pas,prescription_plu,risques,sol_pollue,sup"
97404000AZ0004,temoin_AZ0004_renouvellement_rang1,vigilances,carte_tuile,"cinquante_pas,prescription_plu,risques,sol_pollue,sup"
97404000AZ0004,temoin_AZ0004_renouvellement_rang1,etiquette_renouv,fiche_v2,oui
97407000AI1821,tier_reserve_fonciere,tier,fiche_v2,reserve_fonciere
97407000AI1821,tier_reserve_fonciere,tier,fiche_legacy,reserve_fonciere
97407000AI1821,tier_reserve_fonciere,tier,carte_tuile,reserve_fonciere
97407000AI1821,tier_reserve_fonciere,tier,db_verite,reserve_fonciere
97407000AI1821,tier_reserve_fonciere,tier,export_md,reserve_fonciere
97407000AI1821,tier_reserve_fonciere,rang,fiche_v2,231153
97407000AI1821,tier_reserve_fonciere,rang,fiche_legacy,231153
97407000AI1821,tier_reserve_fonciere,rang,carte_tuile,231153
97407000AI1821,tier_reserve_fonciere,rang,db_verite,231153
97407000AI1821,tier_reserve_fonciere,mult,fiche_v2,0.92
97407000AI1821,tier_reserve_fonciere,mult,carte_tuile,0.92
97407000AI1821,tier_reserve_fonciere,mult,db_verite,0.92
97407000AI1821,tier_reserve_fonciere,modeb_dispo,fiche_v2,False
97407000AI1821,tier_reserve_fonciere,modeb_dispo,fiche_legacy,False
97407000AI1821,tier_reserve_fonciere,modeb_dispo,endpoint_modeb,False
97407000AI1821,tier_reserve_fonciere,sdp_residuelle,fiche_v2,1277
97407000AI1821,tier_reserve_fonciere,sdp_residuelle,carte_tuile,1277
97407000AI1821,tier_reserve_fonciere,sdp_residuelle,db_residuel,1277
97407000AI1821,tier_reserve_fonciere,vigilances,fiche_v2,"abf,prescription_plu"
97407000AI1821,tier_reserve_fonciere,vigilances,carte_tuile,"abf,prescription_plu"
97408000AP1610,tier_chaude,tier,fiche_v2,chaude
97408000AP1610,tier_chaude,tier,fiche_legacy,chaude
97408000AP1610,tier_chaude,tier,carte_tuile,chaude
97408000AP1610,tier_chaude,tier,db_verite,chaude
97408000AP1610,tier_chaude,tier,export_md,chaude
97408000AP1610,tier_chaude,rang,fiche_v2,3
97408000AP1610,tier_chaude,rang,fiche_legacy,3
97408000AP1610,tier_chaude,rang,carte_tuile,3
97408000AP1610,tier_chaude,rang,db_verite,3
97408000AP1610,tier_chaude,mult,fiche_v2,64.36
97408000AP1610,tier_chaude,mult,carte_tuile,64.36
97408000AP1610,tier_chaude,mult,db_verite,64.36
97408000AP1610,tier_chaude,prix_probable,fiche_legacy,174258
97408000AP1610,tier_chaude,charge_supportable,fiche_legacy,129343
97408000AP1610,tier_chaude,marge_estimee,fiche_legacy,-44915
97408000AP1610,tier_chaude,ca_central,module_faisa,704375
97408000AP1610,tier_chaude,ca_central,fiche_legacy,704375
97408000AP1610,tier_chaude,charge_fonciere_central,module_faisa,3757
97408000AP1610,tier_chaude,charge_fonciere_central,fiche_legacy,3757
97408000AP1610,tier_chaude,modeb_dispo,fiche_v2,False
97408000AP1610,tier_chaude,modeb_dispo,fiche_legacy,False
97408000AP1610,tier_chaude,modeb_dispo,endpoint_modeb,False
97408000AP1610,tier_chaude,sdp_residuelle,fiche_v2,284
97408000AP1610,tier_chaude,sdp_residuelle,carte_tuile,284
97408000AP1610,tier_chaude,sdp_residuelle,db_residuel,284
97408000AP1610,tier_chaude,vigilances,fiche_v2,"icpe,residuel_socle,risques"
97408000AP1610,tier_chaude,vigilances,carte_tuile,"icpe,residuel_socle,risques"
97408000AP1647,tier_brulante,tier,fiche_v2,brulante
97408000AP1647,tier_brulante,tier,fiche_legacy,brulante
97408000AP1647,tier_brulante,tier,carte_tuile,brulante
97408000AP1647,tier_brulante,tier,db_verite,brulante
97408000AP1647,tier_brulante,tier,export_md,brulante
97408000AP1647,tier_brulante,rang,fiche_v2,1
97408000AP1647,tier_brulante,rang,fiche_legacy,1
97408000AP1647,tier_brulante,rang,carte_tuile,1
97408000AP1647,tier_brulante,rang,db_verite,1
97408000AP1647,tier_brulante,mult,fiche_v2,64.36
97408000AP1647,tier_brulante,mult,carte_tuile,64.36
97408000AP1647,tier_brulante,mult,db_verite,64.36
97408000AP1647,tier_brulante,prix_probable,fiche_legacy,156275
97408000AP1647,tier_brulante,charge_supportable,fiche_legacy,106572
97408000AP1647,tier_brulante,marge_estimee,fiche_legacy,-49703
97408000AP1647,tier_brulante,ca_central,module_faisa,826875
97408000AP1647,tier_brulante,ca_central,fiche_legacy,826875
97408000AP1647,tier_brulante,charge_fonciere_central,module_faisa,31197
97408000AP1647,tier_brulante,charge_fonciere_central,fiche_legacy,31197
97408000AP1647,tier_brulante,modeb_dispo,fiche_v2,False
97408000AP1647,tier_brulante,modeb_dispo,fiche_legacy,False
97408000AP1647,tier_brulante,modeb_dispo,endpoint_modeb,False
97408000AP1647,tier_brulante,sdp_residuelle,fiche_v2,234
97408000AP1647,tier_brulante,sdp_residuelle,carte_tuile,234
97408000AP1647,tier_brulante,sdp_residuelle,db_residuel,234
97408000AP1647,tier_brulante,vigilances,fiche_v2,"residuel_socle,risques"
97408000AP1647,tier_brulante,vigilances,carte_tuile,"residuel_socle,risques"
97409000AR1260,tier_declasse_bati_sature,tier,fiche_v2,declasse_bati_sature
97409000AR1260,tier_declasse_bati_sature,tier,fiche_legacy,declasse_bati_sature
97409000AR1260,tier_declasse_bati_sature,tier,carte_tuile,declasse_bati_sature
97409000AR1260,tier_declasse_bati_sature,tier,db_verite,declasse_bati_sature
97409000AR1260,tier_declasse_bati_sature,tier,export_md,declasse_bati_sature
97409000AR1260,tier_declasse_bati_sature,rang,fiche_v2,19
97409000AR1260,tier_declasse_bati_sature,rang,fiche_legacy,19
97409000AR1260,tier_declasse_bati_sature,rang,carte_tuile,19
97409000AR1260,tier_declasse_bati_sature,rang,db_verite,19
97409000AR1260,tier_declasse_bati_sature,mult,fiche_v2,13.15
97409000AR1260,tier_declasse_bati_sature,mult,carte_tuile,13.15
97409000AR1260,tier_declasse_bati_sature,mult,db_verite,13.15
97409000AR1260,tier_declasse_bati_sature,prix_probable,fiche_legacy,109458
97409000AR1260,tier_declasse_bati_sature,charge_supportable,fiche_legacy,112948
97409000AR1260,tier_declasse_bati_sature,marge_estimee,fiche_legacy,3490
97409000AR1260,tier_declasse_bati_sature,ca_central,module_faisa,1054375
97409000AR1260,tier_declasse_bati_sature,ca_central,fiche_legacy,1054375
97409000AR1260,tier_declasse_bati_sature,charge_fonciere_central,module_faisa,45337
97409000AR1260,tier_declasse_bati_sature,charge_fonciere_central,fiche_legacy,45337
97409000AR1260,tier_declasse_bati_sature,modeb_dispo,fiche_v2,True
97409000AR1260,tier_declasse_bati_sature,modeb_dispo,fiche_legacy,True
97409000AR1260,tier_declasse_bati_sature,modeb_dispo,endpoint_modeb,True
97409000AR1260,tier_declasse_bati_sature,sdp_residuelle,fiche_v2,248
97409000AR1260,tier_declasse_bati_sature,sdp_residuelle,carte_tuile,248
97409000AR1260,tier_declasse_bati_sature,sdp_residuelle,db_residuel,248
97409000AR1260,tier_declasse_bati_sature,vigilances,fiche_v2,"bruit_route,ocs_ge,residuel_socle,risques,sup"
97409000AR1260,tier_declasse_bati_sature,vigilances,carte_tuile,"bruit_route,ocs_ge,residuel_socle,risques,sup"
97409000AW0302,tier_declasse_au_statut_inconnu,tier,fiche_v2,declasse_au_statut_inconnu
97409000AW0302,tier_declasse_au_statut_inconnu,tier,fiche_legacy,declasse_au_statut_inconnu
97409000AW0302,tier_declasse_au_statut_inconnu,tier,carte_tuile,declasse_au_statut_inconnu
97409000AW0302,tier_declasse_au_statut_inconnu,tier,db_verite,declasse_au_statut_inconnu
97409000AW0302,tier_declasse_au_statut_inconnu,tier,export_md,declasse_au_statut_inconnu
97409000AW0302,tier_declasse_au_statut_inconnu,rang,fiche_v2,231
97409000AW0302,tier_declasse_au_statut_inconnu,rang,fiche_legacy,231
97409000AW0302,tier_declasse_au_statut_inconnu,rang,carte_tuile,231
97409000AW0302,tier_declasse_au_statut_inconnu,rang,db_verite,231
97409000AW0302,tier_declasse_au_statut_inconnu,mult,fiche_v2,7.13
97409000AW0302,tier_declasse_au_statut_inconnu,mult,carte_tuile,7.13
97409000AW0302,tier_declasse_au_statut_inconnu,mult,db_verite,7.13
97409000AW0302,tier_declasse_au_statut_inconnu,ca_central,module_faisa,100000
97409000AW0302,tier_declasse_au_statut_inconnu,ca_central,fiche_legacy,100000
97409000AW0302,tier_declasse_au_statut_inconnu,charge_fonciere_central,module_faisa,0
97409000AW0302,tier_declasse_au_statut_inconnu,charge_fonciere_central,fiche_legacy,0
97409000AW0302,tier_declasse_au_statut_inconnu,modeb_dispo,fiche_v2,False
97409000AW0302,tier_declasse_au_statut_inconnu,modeb_dispo,fiche_legacy,False
97409000AW0302,tier_declasse_au_statut_inconnu,modeb_dispo,endpoint_modeb,False
97409000AW0302,tier_declasse_au_statut_inconnu,sdp_residuelle,fiche_v2,0
97409000AW0302,tier_declasse_au_statut_inconnu,sdp_residuelle,carte_tuile,0
97409000AW0302,tier_declasse_au_statut_inconnu,sdp_residuelle,db_residuel,0
97409000AW0302,tier_declasse_au_statut_inconnu,vigilances,fiche_v2,"declassement,icpe,ocs_ge,residuel_socle,risques,sup"
97409000AW0302,tier_declasse_au_statut_inconnu,vigilances,carte_tuile,"declassement,icpe,ocs_ge,residuel_socle,risques,sup"
97411000EL0201,tier_declasse_bati_sature_2,tier,fiche_v2,declasse_bati_sature
97411000EL0201,tier_declasse_bati_sature_2,tier,fiche_legacy,declasse_bati_sature
97411000EL0201,tier_declasse_bati_sature_2,tier,carte_tuile,declasse_bati_sature
97411000EL0201,tier_declasse_bati_sature_2,tier,db_verite,declasse_bati_sature
97411000EL0201,tier_declasse_bati_sature_2,tier,export_md,declasse_bati_sature
97411000EL0201,tier_declasse_bati_sature_2,rang,fiche_v2,53
97411000EL0201,tier_declasse_bati_sature_2,rang,fiche_legacy,53
97411000EL0201,tier_declasse_bati_sature_2,rang,carte_tuile,53
97411000EL0201,tier_declasse_bati_sature_2,rang,db_verite,53
97411000EL0201,tier_declasse_bati_sature_2,mult,fiche_v2,13.15
97411000EL0201,tier_declasse_bati_sature_2,mult,carte_tuile,13.15
97411000EL0201,tier_declasse_bati_sature_2,mult,db_verite,13.15
97411000EL0201,tier_declasse_bati_sature_2,prix_probable,fiche_legacy,151663
97411000EL0201,tier_declasse_bati_sature_2,charge_supportable,fiche_legacy,44088
97411000EL0201,tier_declasse_bati_sature_2,marge_estimee,fiche_legacy,-107575
97411000EL0201,tier_declasse_bati_sature_2,ca_central,module_faisa,286425
97411000EL0201,tier_declasse_bati_sature_2,ca_central,fiche_legacy,286425
97411000EL0201,tier_declasse_bati_sature_2,charge_fonciere_central,module_faisa,-57154
97411000EL0201,tier_declasse_bati_sature_2,charge_fonciere_central,fiche_legacy,-57154
97411000EL0201,tier_declasse_bati_sature_2,modeb_dispo,fiche_v2,True
97411000EL0201,tier_declasse_bati_sature_2,modeb_dispo,fiche_legacy,True
97411000EL0201,tier_declasse_bati_sature_2,modeb_dispo,endpoint_modeb,True
97411000EL0201,tier_declasse_bati_sature_2,sdp_residuelle,fiche_v2,114
97411000EL0201,tier_declasse_bati_sature_2,sdp_residuelle,carte_tuile,114
97411000EL0201,tier_declasse_bati_sature_2,sdp_residuelle,db_residuel,114
97411000EL0201,tier_declasse_bati_sature_2,vigilances,fiche_v2,"declassement,ocs_ge,pente,prescription_plu,residuel_socle,risques,sup"
97411000EL0201,tier_declasse_bati_sature_2,vigilances,carte_tuile,"declassement,ocs_ge,pente,prescription_plu,residuel_socle,risques,sup"
97411000EP0228,temoin_EP0228_piscine_M39_M40,tier,fiche_v2,chaude
97411000EP0228,temoin_EP0228_piscine_M39_M40,tier,fiche_legacy,chaude
97411000EP0228,temoin_EP0228_piscine_M39_M40,tier,carte_tuile,chaude
97411000EP0228,temoin_EP0228_piscine_M39_M40,tier,db_verite,chaude
97411000EP0228,temoin_EP0228_piscine_M39_M40,tier,export_md,chaude
97411000EP0228,temoin_EP0228_piscine_M39_M40,rang,fiche_v2,5264
97411000EP0228,temoin_EP0228_piscine_M39_M40,rang,fiche_legacy,5264
97411000EP0228,temoin_EP0228_piscine_M39_M40,rang,carte_tuile,5264
97411000EP0228,temoin_EP0228_piscine_M39_M40,rang,db_verite,5264
97411000EP0228,temoin_EP0228_piscine_M39_M40,mult,fiche_v2,2.65
97411000EP0228,temoin_EP0228_piscine_M39_M40,mult,carte_tuile,2.65
97411000EP0228,temoin_EP0228_piscine_M39_M40,mult,db_verite,2.65
97411000EP0228,temoin_EP0228_piscine_M39_M40,prix_probable,fiche_legacy,77516
97411000EP0228,temoin_EP0228_piscine_M39_M40,charge_supportable,fiche_legacy,25912
97411000EP0228,temoin_EP0228_piscine_M39_M40,marge_estimee,fiche_legacy,-51604
97411000EP0228,temoin_EP0228_piscine_M39_M40,ca_central,module_faisa,94050
97411000EP0228,temoin_EP0228_piscine_M39_M40,ca_central,fiche_legacy,94050
97411000EP0228,temoin_EP0228_piscine_M39_M40,charge_fonciere_central,module_faisa,-36118
97411000EP0228,temoin_EP0228_piscine_M39_M40,charge_fonciere_central,fiche_legacy,-36118
97411000EP0228,temoin_EP0228_piscine_M39_M40,modeb_dispo,fiche_v2,False
97411000EP0228,temoin_EP0228_piscine_M39_M40,modeb_dispo,fiche_legacy,False
97411000EP0228,temoin_EP0228_piscine_M39_M40,modeb_dispo,endpoint_modeb,False
97411000EP0228,temoin_EP0228_piscine_M39_M40,sdp_residuelle,fiche_v2,67
97411000EP0228,temoin_EP0228_piscine_M39_M40,sdp_residuelle,carte_tuile,67
97411000EP0228,temoin_EP0228_piscine_M39_M40,sdp_residuelle,db_residuel,67
97411000EP0228,temoin_EP0228_piscine_M39_M40,vigilances,fiche_v2,"declassement,pente,prescription_plu,residuel_socle,risques,sup"
97411000EP0228,temoin_EP0228_piscine_M39_M40,vigilances,carte_tuile,"declassement,pente,prescription_plu,residuel_socle,risques,sup"
97411000HM0273,tier_ecartee,tier,fiche_v2,ecartee
97411000HM0273,tier_ecartee,tier,fiche_legacy,ecartee
97411000HM0273,tier_ecartee,tier,carte_tuile,ecartee
97411000HM0273,tier_ecartee,tier,db_verite,ecartee
97411000HM0273,tier_ecartee,tier,export_md,ecartee
97411000HM0273,tier_ecartee,rang,fiche_v2,8
97411000HM0273,tier_ecartee,rang,fiche_legacy,8
97411000HM0273,tier_ecartee,rang,carte_tuile,8
97411000HM0273,tier_ecartee,rang,db_verite,8
97411000HM0273,tier_ecartee,mult,fiche_v2,22.12
97411000HM0273,tier_ecartee,mult,carte_tuile,22.12
97411000HM0273,tier_ecartee,mult,db_verite,22.12
97411000HM0273,tier_ecartee,ca_central,module_faisa,100000
97411000HM0273,tier_ecartee,ca_central,fiche_legacy,100000
97411000HM0273,tier_ecartee,charge_fonciere_central,module_faisa,0
97411000HM0273,tier_ecartee,charge_fonciere_central,fiche_legacy,0
97411000HM0273,tier_ecartee,modeb_dispo,fiche_v2,False
97411000HM0273,tier_ecartee,modeb_dispo,fiche_legacy,False
97411000HM0273,tier_ecartee,modeb_dispo,endpoint_modeb,False
97411000HM0273,tier_ecartee,sdp_residuelle,fiche_v2,19
97411000HM0273,tier_ecartee,sdp_residuelle,carte_tuile,19
97411000HM0273,tier_ecartee,sdp_residuelle,db_residuel,19
97411000HM0273,tier_ecartee,vigilances,fiche_v2,"ocs_ge,prescription_plu,residuel_socle,risques,sup"
97411000HM0273,tier_ecartee,vigilances,carte_tuile,"ocs_ge,prescription_plu,residuel_socle,risques,sup"
97411000KA0296,tier_brulante_2,tier,fiche_v2,brulante
97411000KA0296,tier_brulante_2,tier,fiche_legacy,brulante
97411000KA0296,tier_brulante_2,tier,carte_tuile,brulante
97411000KA0296,tier_brulante_2,tier,db_verite,brulante
97411000KA0296,tier_brulante_2,tier,export_md,brulante
97411000KA0296,tier_brulante_2,rang,fiche_v2,5
97411000KA0296,tier_brulante_2,rang,fiche_legacy,5
97411000KA0296,tier_brulante_2,rang,carte_tuile,5
97411000KA0296,tier_brulante_2,rang,db_verite,5
97411000KA0296,tier_brulante_2,mult,fiche_v2,22.12
97411000KA0296,tier_brulante_2,mult,carte_tuile,22.12
97411000KA0296,tier_brulante_2,mult,db_verite,22.12
97411000KA0296,tier_brulante_2,prix_probable,fiche_legacy,147801
97411000KA0296,tier_brulante_2,charge_supportable,fiche_legacy,27845
97411000KA0296,tier_brulante_2,marge_estimee,fiche_legacy,-119956
97411000KA0296,tier_brulante_2,ca_central,module_faisa,247950
97411000KA0296,tier_brulante_2,ca_central,fiche_legacy,247950
97411000KA0296,tier_brulante_2,charge_fonciere_central,module_faisa,-15439
97411000KA0296,tier_brulante_2,charge_fonciere_central,fiche_legacy,-15439
97411000KA0296,tier_brulante_2,modeb_dispo,fiche_v2,False
97411000KA0296,tier_brulante_2,modeb_dispo,fiche_legacy,False
97411000KA0296,tier_brulante_2,modeb_dispo,endpoint_modeb,False
97411000KA0296,tier_brulante_2,sdp_residuelle,fiche_v2,72
97411000KA0296,tier_brulante_2,sdp_residuelle,carte_tuile,72
97411000KA0296,tier_brulante_2,sdp_residuelle,db_residuel,72
97411000KA0296,tier_brulante_2,vigilances,fiche_v2,"prescription_plu,residuel_socle,risques,sup"
97411000KA0296,tier_brulante_2,vigilances,carte_tuile,"prescription_plu,residuel_socle,risques,sup"
97413000AV2046,tier_declasse_au_fermee,tier,fiche_v2,declasse_au_fermee
97413000AV2046,tier_declasse_au_fermee,tier,fiche_legacy,declasse_au_fermee
97413000AV2046,tier_declasse_au_fermee,tier,carte_tuile,declasse_au_fermee
97413000AV2046,tier_declasse_au_fermee,tier,db_verite,declasse_au_fermee
97413000AV2046,tier_declasse_au_fermee,tier,export_md,declasse_au_fermee
97413000AV2046,tier_declasse_au_fermee,rang,fiche_v2,3909
97413000AV2046,tier_declasse_au_fermee,rang,fiche_legacy,3909
97413000AV2046,tier_declasse_au_fermee,rang,carte_tuile,3909
97413000AV2046,tier_declasse_au_fermee,rang,db_verite,3909
97413000AV2046,tier_declasse_au_fermee,mult,fiche_v2,3.25
97413000AV2046,tier_declasse_au_fermee,mult,carte_tuile,3.25
97413000AV2046,tier_declasse_au_fermee,mult,db_verite,3.25
97413000AV2046,tier_declasse_au_fermee,prix_probable,fiche_legacy,281314
97413000AV2046,tier_declasse_au_fermee,charge_supportable,fiche_legacy,154513
97413000AV2046,tier_declasse_au_fermee,marge_estimee,fiche_legacy,-126801
97413000AV2046,tier_declasse_au_fermee,ca_central,module_faisa,460752
97413000AV2046,tier_declasse_au_fermee,ca_central,fiche_legacy,460752
97413000AV2046,tier_declasse_au_fermee,charge_fonciere_central,module_faisa,18397
97413000AV2046,tier_declasse_au_fermee,charge_fonciere_central,fiche_legacy,18397
97413000AV2046,tier_declasse_au_fermee,modeb_dispo,fiche_v2,False
97413000AV2046,tier_declasse_au_fermee,modeb_dispo,fiche_legacy,False
97413000AV2046,tier_declasse_au_fermee,modeb_dispo,endpoint_modeb,False
97413000AV2046,tier_declasse_au_fermee,sdp_residuelle,fiche_v2,142
97413000AV2046,tier_declasse_au_fermee,sdp_residuelle,carte_tuile,142
97413000AV2046,tier_declasse_au_fermee,sdp_residuelle,db_residuel,142
97413000AV2046,tier_declasse_au_fermee,vigilances,fiche_v2,"abf,bruit_route,cinquante_pas,emprise_routiere,icpe,residuel_socle,risques,sol_pollue,sup"
97413000AV2046,tier_declasse_au_fermee,vigilances,carte_tuile,"abf,bruit_route,cinquante_pas,emprise_routiere,icpe,residuel_socle,risques,sol_pollue,sup"
97413000AV2297,special_M41_radar_commune,tier,fiche_v2,brulante
97413000AV2297,special_M41_radar_commune,tier,fiche_legacy,brulante
97413000AV2297,special_M41_radar_commune,tier,carte_tuile,brulante
97413000AV2297,special_M41_radar_commune,tier,db_verite,brulante
97413000AV2297,special_M41_radar_commune,tier,export_md,brulante
97413000AV2297,special_M41_radar_commune,rang,fiche_v2,34
97413000AV2297,special_M41_radar_commune,rang,fiche_legacy,34
97413000AV2297,special_M41_radar_commune,rang,carte_tuile,34
97413000AV2297,special_M41_radar_commune,rang,db_verite,34
97413000AV2297,special_M41_radar_commune,mult,fiche_v2,13.15
97413000AV2297,special_M41_radar_commune,mult,carte_tuile,13.15
97413000AV2297,special_M41_radar_commune,mult,db_verite,13.15
97413000AV2297,special_M41_radar_commune,prix_probable,fiche_legacy,83777
97413000AV2297,special_M41_radar_commune,charge_supportable,fiche_legacy,54406
97413000AV2297,special_M41_radar_commune,marge_estimee,fiche_legacy,-29371
97413000AV2297,special_M41_radar_commune,ca_central,module_faisa,180064
97413000AV2297,special_M41_radar_commune,ca_central,fiche_legacy,180064
97413000AV2297,special_M41_radar_commune,charge_fonciere_central,module_faisa,14318
97413000AV2297,special_M41_radar_commune,charge_fonciere_central,fiche_legacy,14318
97413000AV2297,special_M41_radar_commune,modeb_dispo,fiche_v2,False
97413000AV2297,special_M41_radar_commune,modeb_dispo,fiche_legacy,False
97413000AV2297,special_M41_radar_commune,modeb_dispo,endpoint_modeb,False
97413000AV2297,special_M41_radar_commune,sdp_residuelle,fiche_v2,50
97413000AV2297,special_M41_radar_commune,sdp_residuelle,carte_tuile,50
97413000AV2297,special_M41_radar_commune,sdp_residuelle,db_residuel,50
97413000AV2297,special_M41_radar_commune,vigilances,fiche_v2,"abf,declassement,icpe,residuel_socle,risques,sol_pollue"
97413000AV2297,special_M41_radar_commune,vigilances,carte_tuile,"abf,declassement,icpe,residuel_socle,risques,sol_pollue"
97415000CW1056,tier_declasse_non_constructible,tier,fiche_v2,declasse_non_constructible
97415000CW1056,tier_declasse_non_constructible,tier,fiche_legacy,declasse_non_constructible
97415000CW1056,tier_declasse_non_constructible,tier,carte_tuile,declasse_non_constructible
97415000CW1056,tier_declasse_non_constructible,tier,db_verite,declasse_non_constructible
97415000CW1056,tier_declasse_non_constructible,rang,fiche_v2,17
97415000CW1056,tier_declasse_non_constructible,rang,fiche_legacy,17
97415000CW1056,tier_declasse_non_constructible,rang,carte_tuile,17
97415000CW1056,tier_declasse_non_constructible,rang,db_verite,17
97415000CW1056,tier_declasse_non_constructible,mult,fiche_v2,15.55
97415000CW1056,tier_declasse_non_constructible,mult,carte_tuile,15.55
97415000CW1056,tier_declasse_non_constructible,mult,db_verite,15.55
97415000CW1056,tier_declasse_non_constructible,modeb_dispo,fiche_v2,False
97415000CW1056,tier_declasse_non_constructible,modeb_dispo,fiche_legacy,False
97415000CW1056,tier_declasse_non_constructible,modeb_dispo,endpoint_modeb,False
97415000CW1056,tier_declasse_non_constructible,vigilances,fiche_v2,"declassement,icpe,risques,zonage_plu_gpu"
97415000CW1056,tier_declasse_non_constructible,vigilances,carte_tuile,"declassement,icpe,risques,zonage_plu_gpu"
97415000CX0650,tier_a_creuser,tier,fiche_v2,a_creuser
97415000CX0650,tier_a_creuser,tier,fiche_legacy,a_creuser
97415000CX0650,tier_a_creuser,tier,carte_tuile,chaude
97415000CX0650,tier_a_creuser,tier,db_verite,a_creuser
97415000CX0650,tier_a_creuser,tier,export_md,a_creuser
97415000CX0650,tier_a_creuser,rang,fiche_v2,688
97415000CX0650,tier_a_creuser,rang,fiche_legacy,688
97415000CX0650,tier_a_creuser,rang,carte_tuile,688
97415000CX0650,tier_a_creuser,rang,db_verite,688
97415000CX0650,tier_a_creuser,mult,fiche_v2,5.88
97415000CX0650,tier_a_creuser,mult,carte_tuile,5.88
97415000CX0650,tier_a_creuser,mult,db_verite,5.88
97415000CX0650,tier_a_creuser,prix_probable,fiche_legacy,72667
97415000CX0650,tier_a_creuser,charge_supportable,fiche_legacy,26574
97415000CX0650,tier_a_creuser,marge_estimee,fiche_legacy,-46093
97415000CX0650,tier_a_creuser,ca_central,module_faisa,99330
97415000CX0650,tier_a_creuser,ca_central,fiche_legacy,99330
97415000CX0650,tier_a_creuser,charge_fonciere_central,module_faisa,-16262
97415000CX0650,tier_a_creuser,charge_fonciere_central,fiche_legacy,-16262
97415000CX0650,tier_a_creuser,modeb_dispo,fiche_v2,False
97415000CX0650,tier_a_creuser,modeb_dispo,fiche_legacy,False
97415000CX0650,tier_a_creuser,modeb_dispo,endpoint_modeb,False
97415000CX0650,tier_a_creuser,sdp_residuelle,fiche_v2,38
97415000CX0650,tier_a_creuser,sdp_residuelle,carte_tuile,38
97415000CX0650,tier_a_creuser,sdp_residuelle,db_residuel,38
97415000CX0650,tier_a_creuser,vigilances,fiche_v2,"bruit_route,declassement,ocs_ge,residuel_socle,risques"
97415000CX0650,tier_a_creuser,vigilances,carte_tuile,"bruit_route,declassement,ocs_ge,residuel_socle,risques"
97415000DK1044,tier_chaude_2,tier,fiche_v2,chaude
97415000DK1044,tier_chaude_2,tier,fiche_legacy,chaude
97415000DK1044,tier_chaude_2,tier,carte_tuile,chaude
97415000DK1044,tier_chaude_2,tier,db_verite,chaude
97415000DK1044,tier_chaude_2,tier,export_md,chaude
97415000DK1044,tier_chaude_2,rang,fiche_v2,15
97415000DK1044,tier_chaude_2,rang,fiche_legacy,15
97415000DK1044,tier_chaude_2,rang,carte_tuile,15
97415000DK1044,tier_chaude_2,rang,db_verite,15
97415000DK1044,tier_chaude_2,mult,fiche_v2,22.12
97415000DK1044,tier_chaude_2,mult,carte_tuile,22.12
97415000DK1044,tier_chaude_2,mult,db_verite,22.12
97415000DK1044,tier_chaude_2,prix_probable,fiche_legacy,203151
97415000DK1044,tier_chaude_2,charge_supportable,fiche_legacy,198602
97415000DK1044,tier_chaude_2,marge_estimee,fiche_legacy,-4549
97415000DK1044,tier_chaude_2,ca_central,module_faisa,761530
97415000DK1044,tier_chaude_2,ca_central,fiche_legacy,761530
97415000DK1044,tier_chaude_2,charge_fonciere_central,module_faisa,47218
97415000DK1044,tier_chaude_2,charge_fonciere_central,fiche_legacy,47218
97415000DK1044,tier_chaude_2,modeb_dispo,fiche_v2,False
97415000DK1044,tier_chaude_2,modeb_dispo,fiche_legacy,False
97415000DK1044,tier_chaude_2,modeb_dispo,endpoint_modeb,False
97415000DK1044,tier_chaude_2,sdp_residuelle,fiche_v2,284
97415000DK1044,tier_chaude_2,sdp_residuelle,carte_tuile,284
97415000DK1044,tier_chaude_2,sdp_residuelle,db_residuel,284
97415000DK1044,tier_chaude_2,vigilances,fiche_v2,"declassement,residuel_socle,risques,sup,zonage_plu_gpu"
97415000DK1044,tier_chaude_2,vigilances,carte_tuile,"declassement,residuel_socle,risques,sup,zonage_plu_gpu"
97415000EY1509,tier_reserve_fonciere_2,tier,fiche_v2,reserve_fonciere
97415000EY1509,tier_reserve_fonciere_2,tier,fiche_legacy,reserve_fonciere
97415000EY1509,tier_reserve_fonciere_2,tier,carte_tuile,reserve_fonciere
97415000EY1509,tier_reserve_fonciere_2,tier,db_verite,reserve_fonciere
97415000EY1509,tier_reserve_fonciere_2,tier,export_md,reserve_fonciere
97415000EY1509,tier_reserve_fonciere_2,rang,fiche_v2,231579
97415000EY1509,tier_reserve_fonciere_2,rang,fiche_legacy,231579
97415000EY1509,tier_reserve_fonciere_2,rang,carte_tuile,231579
97415000EY1509,tier_reserve_fonciere_2,rang,db_verite,231579
97415000EY1509,tier_reserve_fonciere_2,mult,fiche_v2,0.92
97415000EY1509,tier_reserve_fonciere_2,mult,carte_tuile,0.92
97415000EY1509,tier_reserve_fonciere_2,mult,db_verite,0.92
97415000EY1509,tier_reserve_fonciere_2,prix_probable,fiche_legacy,450141
97415000EY1509,tier_reserve_fonciere_2,charge_supportable,fiche_legacy,1304902
97415000EY1509,tier_reserve_fonciere_2,marge_estimee,fiche_legacy,854761
97415000EY1509,tier_reserve_fonciere_2,ca_central,module_faisa,4302249
97415000EY1509,tier_reserve_fonciere_2,ca_central,fiche_legacy,4302249
97415000EY1509,tier_reserve_fonciere_2,charge_fonciere_central,module_faisa,63594
97415000EY1509,tier_reserve_fonciere_2,charge_fonciere_central,fiche_legacy,63594
97415000EY1509,tier_reserve_fonciere_2,modeb_dispo,fiche_v2,False
97415000EY1509,tier_reserve_fonciere_2,modeb_dispo,fiche_legacy,False
97415000EY1509,tier_reserve_fonciere_2,modeb_dispo,endpoint_modeb,False
97415000EY1509,tier_reserve_fonciere_2,sdp_residuelle,fiche_v2,1866
97415000EY1509,tier_reserve_fonciere_2,sdp_residuelle,carte_tuile,1866
97415000EY1509,tier_reserve_fonciere_2,sdp_residuelle,db_residuel,1866
97415000EY1509,tier_reserve_fonciere_2,vigilances,fiche_v2,"bruit_route,declassement,risques"
97415000EY1509,tier_reserve_fonciere_2,vigilances,carte_tuile,"bruit_route,declassement,risques"
97416000EY1406,tier_declasse_bati_revele,tier,fiche_v2,declasse_bati_revele
97416000EY1406,tier_declasse_bati_revele,tier,fiche_legacy,declasse_bati_revele
97416000EY1406,tier_declasse_bati_revele,tier,carte_tuile,declasse_bati_revele
97416000EY1406,tier_declasse_bati_revele,tier,db_verite,declasse_bati_revele
97416000EY1406,tier_declasse_bati_revele,tier,export_md,declasse_bati_revele
97416000EY1406,tier_declasse_bati_revele,rang,fiche_v2,20
97416000EY1406,tier_declasse_bati_revele,rang,fiche_legacy,20
97416000EY1406,tier_declasse_bati_revele,rang,carte_tuile,20
97416000EY1406,tier_declasse_bati_revele,rang,db_verite,20
97416000EY1406,tier_declasse_bati_revele,mult,fiche_v2,13.15
97416000EY1406,tier_declasse_bati_revele,mult,carte_tuile,13.15
97416000EY1406,tier_declasse_bati_revele,mult,db_verite,13.15
97416000EY1406,tier_declasse_bati_revele,ca_central,module_faisa,400000
97416000EY1406,tier_declasse_bati_revele,ca_central,fiche_legacy,400000
97416000EY1406,tier_declasse_bati_revele,charge_fonciere_central,module_faisa,0
97416000EY1406,tier_declasse_bati_revele,charge_fonciere_central,fiche_legacy,0
97416000EY1406,tier_declasse_bati_revele,modeb_dispo,fiche_v2,True
97416000EY1406,tier_declasse_bati_revele,modeb_dispo,fiche_legacy,True
97416000EY1406,tier_declasse_bati_revele,modeb_dispo,endpoint_modeb,True
97416000EY1406,tier_declasse_bati_revele,sdp_residuelle,fiche_v2,0
97416000EY1406,tier_declasse_bati_revele,sdp_residuelle,carte_tuile,111
97416000EY1406,tier_declasse_bati_revele,sdp_residuelle,db_residuel,0
97416000EY1406,tier_declasse_bati_revele,vigilances,fiche_v2,"parc_national,residuel_socle,risques"
97416000EY1406,tier_declasse_bati_revele,vigilances,carte_tuile,"parc_national,residuel_socle,risques"
97417000BC0067,tier_a_creuser_2,tier,fiche_v2,a_creuser
97417000BC0067,tier_a_creuser_2,tier,fiche_legacy,a_creuser
97417000BC0067,tier_a_creuser_2,tier,carte_tuile,a_creuser
97417000BC0067,tier_a_creuser_2,tier,db_verite,a_creuser
97417000BC0067,tier_a_creuser_2,tier,export_md,a_creuser
97417000BC0067,tier_a_creuser_2,rang,fiche_v2,880
97417000BC0067,tier_a_creuser_2,rang,fiche_legacy,880
97417000BC0067,tier_a_creuser_2,rang,carte_tuile,880
97417000BC0067,tier_a_creuser_2,rang,db_verite,880
97417000BC0067,tier_a_creuser_2,mult,fiche_v2,5.88
97417000BC0067,tier_a_creuser_2,mult,carte_tuile,5.88
97417000BC0067,tier_a_creuser_2,mult,db_verite,5.88
97417000BC0067,tier_a_creuser_2,modeb_dispo,fiche_v2,False
97417000BC0067,tier_a_creuser_2,modeb_dispo,fiche_legacy,False
97417000BC0067,tier_a_creuser_2,modeb_dispo,endpoint_modeb,False
97417000BC0067,tier_a_creuser_2,vigilances,fiche_v2,"ocs_ge,parc_national,risques,safer"
97417000BC0067,tier_a_creuser_2,vigilances,carte_tuile,"ocs_ge,parc_national,risques,safer"
97418000AT2542,temoin_AT2542_brulante,tier,fiche_v2,brulante
97418000AT2542,temoin_AT2542_brulante,tier,fiche_legacy,brulante
97418000AT2542,temoin_AT2542_brulante,tier,carte_tuile,brulante
97418000AT2542,temoin_AT2542_brulante,tier,db_verite,brulante
97418000AT2542,temoin_AT2542_brulante,tier,export_md,brulante
97418000AT2542,temoin_AT2542_brulante,rang,fiche_v2,14
97418000AT2542,temoin_AT2542_brulante,rang,fiche_legacy,14
97418000AT2542,temoin_AT2542_brulante,rang,carte_tuile,14
97418000AT2542,temoin_AT2542_brulante,rang,db_verite,14
97418000AT2542,temoin_AT2542_brulante,mult,fiche_v2,22.12
97418000AT2542,temoin_AT2542_brulante,mult,carte_tuile,22.12
97418000AT2542,temoin_AT2542_brulante,mult,db_verite,22.12
97418000AT2542,temoin_AT2542_brulante,prix_probable,fiche_legacy,156583
97418000AT2542,temoin_AT2542_brulante,charge_supportable,fiche_legacy,112492
97418000AT2542,temoin_AT2542_brulante,marge_estimee,fiche_legacy,-44091
97418000AT2542,temoin_AT2542_brulante,ca_central,module_faisa,875000
97418000AT2542,temoin_AT2542_brulante,ca_central,fiche_legacy,875000
97418000AT2542,temoin_AT2542_brulante,charge_fonciere_central,module_faisa,43127
97418000AT2542,temoin_AT2542_brulante,charge_fonciere_central,fiche_legacy,43127
97418000AT2542,temoin_AT2542_brulante,modeb_dispo,fiche_v2,False
97418000AT2542,temoin_AT2542_brulante,modeb_dispo,fiche_legacy,False
97418000AT2542,temoin_AT2542_brulante,modeb_dispo,endpoint_modeb,False
97418000AT2542,temoin_AT2542_brulante,sdp_residuelle,fiche_v2,247
97418000AT2542,temoin_AT2542_brulante,sdp_residuelle,carte_tuile,247
97418000AT2542,temoin_AT2542_brulante,sdp_residuelle,db_residuel,247
97418000AT2542,temoin_AT2542_brulante,vigilances,fiche_v2,"bruit_route,declassement,ocs_ge,residuel_socle,risques"
97418000AT2542,temoin_AT2542_brulante,vigilances,carte_tuile,"bruit_route,declassement,ocs_ge,residuel_socle,risques"
97419000AL1154,temoin_AL1154_fourchette_piscine,tier,fiche_v2,a_creuser
97419000AL1154,temoin_AL1154_fourchette_piscine,tier,fiche_legacy,a_creuser
97419000AL1154,temoin_AL1154_fourchette_piscine,tier,carte_tuile,a_creuser
97419000AL1154,temoin_AL1154_fourchette_piscine,tier,db_verite,a_creuser
97419000AL1154,temoin_AL1154_fourchette_piscine,tier,export_md,a_creuser
97419000AL1154,temoin_AL1154_fourchette_piscine,rang,fiche_v2,2661
97419000AL1154,temoin_AL1154_fourchette_piscine,rang,fiche_legacy,2661
97419000AL1154,temoin_AL1154_fourchette_piscine,rang,carte_tuile,2661
97419000AL1154,temoin_AL1154_fourchette_piscine,rang,db_verite,2661
97419000AL1154,temoin_AL1154_fourchette_piscine,mult,fiche_v2,3.44
97419000AL1154,temoin_AL1154_fourchette_piscine,mult,carte_tuile,3.44
97419000AL1154,temoin_AL1154_fourchette_piscine,mult,db_verite,3.44
97419000AL1154,temoin_AL1154_fourchette_piscine,prix_probable,fiche_legacy,236622
97419000AL1154,temoin_AL1154_fourchette_piscine,charge_supportable,fiche_legacy,732795
97419000AL1154,temoin_AL1154_fourchette_piscine,marge_estimee,fiche_legacy,496173
97419000AL1154,temoin_AL1154_fourchette_piscine,ca_central,module_faisa,3400000
97419000AL1154,temoin_AL1154_fourchette_piscine,ca_central,fiche_legacy,3400000
97419000AL1154,temoin_AL1154_fourchette_piscine,charge_fonciere_central,module_faisa,100000
97419000AL1154,temoin_AL1154_fourchette_piscine,charge_fonciere_central,fiche_legacy,100000
97419000AL1154,temoin_AL1154_fourchette_piscine,modeb_dispo,fiche_v2,False
97419000AL1154,temoin_AL1154_fourchette_piscine,modeb_dispo,fiche_legacy,False
97419000AL1154,temoin_AL1154_fourchette_piscine,modeb_dispo,endpoint_modeb,False
97419000AL1154,temoin_AL1154_fourchette_piscine,sdp_residuelle,fiche_v2,1609
97419000AL1154,temoin_AL1154_fourchette_piscine,sdp_residuelle,carte_tuile,1609
97419000AL1154,temoin_AL1154_fourchette_piscine,sdp_residuelle,db_residuel,1609
97419000AL1154,temoin_AL1154_fourchette_piscine,vigilances,fiche_v2,"ocs_ge,parc_national,risques"
97419000AL1154,temoin_AL1154_fourchette_piscine,vigilances,carte_tuile,"ocs_ge,parc_national,risques"
97422000AD1237,tier_declasse_zone_fermee,tier,fiche_v2,declasse_zone_fermee
97422000AD1237,tier_declasse_zone_fermee,tier,fiche_legacy,declasse_zone_fermee
97422000AD1237,tier_declasse_zone_fermee,tier,carte_tuile,declasse_zone_fermee
97422000AD1237,tier_declasse_zone_fermee,tier,db_verite,declasse_zone_fermee
97422000AD1237,tier_declasse_zone_fermee,tier,export_md,declasse_zone_fermee
97422000AD1237,tier_declasse_zone_fermee,rang,fiche_v2,4
97422000AD1237,tier_declasse_zone_fermee,rang,fiche_legacy,4
97422000AD1237,tier_declasse_zone_fermee,rang,carte_tuile,4
97422000AD1237,tier_declasse_zone_fermee,rang,db_verite,4
97422000AD1237,tier_declasse_zone_fermee,mult,fiche_v2,22.12
97422000AD1237,tier_declasse_zone_fermee,mult,carte_tuile,22.12
97422000AD1237,tier_declasse_zone_fermee,mult,db_verite,22.12
97422000AD1237,tier_declasse_zone_fermee,modeb_dispo,fiche_v2,False
97422000AD1237,tier_declasse_zone_fermee,modeb_dispo,fiche_legacy,False
97422000AD1237,tier_declasse_zone_fermee,modeb_dispo,endpoint_modeb,False
97422000AD1237,tier_declasse_zone_fermee,vigilances,fiche_v2,"declassement,parc_national,risques"
97422000AD1237,tier_declasse_zone_fermee,vigilances,carte_tuile,"declassement,parc_national,risques"
97422000CY0197,temoin_CY0197_bati_marginal_divisible,tier,fiche_v2,brulante
97422000CY0197,temoin_CY0197_bati_marginal_divisible,tier,fiche_legacy,brulante
97422000CY0197,temoin_CY0197_bati_marginal_divisible,tier,carte_tuile,brulante
97422000CY0197,temoin_CY0197_bati_marginal_divisible,tier,db_verite,brulante
97422000CY0197,temoin_CY0197_bati_marginal_divisible,tier,export_md,brulante
97422000CY0197,temoin_CY0197_bati_marginal_divisible,rang,fiche_v2,163
97422000CY0197,temoin_CY0197_bati_marginal_divisible,rang,fiche_legacy,163
97422000CY0197,temoin_CY0197_bati_marginal_divisible,rang,carte_tuile,163
97422000CY0197,temoin_CY0197_bati_marginal_divisible,rang,db_verite,163
97422000CY0197,temoin_CY0197_bati_marginal_divisible,mult,fiche_v2,7.13
97422000CY0197,temoin_CY0197_bati_marginal_divisible,mult,carte_tuile,7.13
97422000CY0197,temoin_CY0197_bati_marginal_divisible,mult,db_verite,7.13
97422000CY0197,temoin_CY0197_bati_marginal_divisible,prix_probable,fiche_legacy,98095
97422000CY0197,temoin_CY0197_bati_marginal_divisible,charge_supportable,fiche_legacy,74098
97422000CY0197,temoin_CY0197_bati_marginal_divisible,marge_estimee,fiche_legacy,-23997
97422000CY0197,temoin_CY0197_bati_marginal_divisible,ca_central,module_faisa,2000000
97422000CY0197,temoin_CY0197_bati_marginal_divisible,ca_central,fiche_legacy,2000000
97422000CY0197,temoin_CY0197_bati_marginal_divisible,charge_fonciere_central,module_faisa,100000
97422000CY0197,temoin_CY0197_bati_marginal_divisible,charge_fonciere_central,fiche_legacy,100000
97422000CY0197,temoin_CY0197_bati_marginal_divisible,modeb_dispo,fiche_v2,False
97422000CY0197,temoin_CY0197_bati_marginal_divisible,modeb_dispo,fiche_legacy,False
97422000CY0197,temoin_CY0197_bati_marginal_divisible,modeb_dispo,endpoint_modeb,False
97422000CY0197,temoin_CY0197_bati_marginal_divisible,sdp_residuelle,fiche_v2,178
97422000CY0197,temoin_CY0197_bati_marginal_divisible,sdp_residuelle,carte_tuile,178
97422000CY0197,temoin_CY0197_bati_marginal_divisible,sdp_residuelle,db_residuel,178
97422000CY0197,temoin_CY0197_bati_marginal_divisible,vigilances,fiche_v2,"declassement,parc_national,residuel_socle,risques"
97422000CY0197,temoin_CY0197_bati_marginal_divisible,vigilances,carte_tuile,"declassement,parc_national,residuel_socle,risques"
