id;source;methode;actif;cadence_heures;cadence_attendue_jours;url_version;selecteur;dernier_passage_at;dernier_vu;dernier_statut;dernier_message;echecs_consecutifs;dernier_notifie_vu;injection_lancee_at;injection_vu;mail_alerte;convention_echeance;url_temoin_2;created_at;updated_at
1;DVF / valeurs foncières;page;t;24;;https://files.data.gouv.fr/geo-dvf/latest/csv/;20\d{2};2026-09-03 00:11:51.805949+04;2025;ok;;0;;;;f;;;2026-09-01 17:50:24.493339+04;2026-09-05 17:20:26.332111+04
2;Cadastre Etalab (bulk DGFiP/Etalab);entete;t;24;;https://cadastre.data.gouv.fr/data/etalab-cadastre/latest/geojson/communes/974/97415/cadastre-97415-parcelles.json.gz;;2026-09-03 00:11:51.805949+04;"""2c726d103ca66b730062380177d07f6a""";ok;;0;;;;f;;;2026-09-01 17:50:24.493339+04;2026-09-03 00:11:51.805949+04
3;BPE INSEE;api;t;24;;https://www.data.gouv.fr/api/1/datasets/base-permanente-des-equipements-3/;last_update;2026-09-03 00:11:51.805949+04;2026-03-30T14:54:09.198000+00:00;ok;;0;;;;f;;;2026-09-01 17:50:24.493339+04;2026-09-05 17:20:26.332111+04
4;QPV 2024 (ANCT);api;t;24;;https://www.data.gouv.fr/api/1/datasets/quartiers-prioritaires-de-la-politique-de-la-ville-qpv/;last_update;2026-09-03 00:11:51.805949+04;2026-07-21T09:50:36.727000+00:00;ok;;0;;;;f;;;2026-09-01 17:50:24.493339+04;2026-09-05 17:20:26.332111+04
5;DPE ADEME (logements existants);api;t;24;;https://data.ademe.fr/data-fair/api/v1/datasets/dpe03existant;dataUpdatedAt;2026-09-03 00:11:51.805949+04;2026-09-02T19:09:24.311Z;ok;;0;;;;f;;;2026-09-01 17:50:24.493339+04;2026-09-05 17:20:26.332111+04
6;BODACC (procédures collectives);api;t;24;;https://bodacc-datadila.opendatasoft.com/api/explore/v2.1/catalog/datasets/annonces-commerciales;metas.default.modified;2026-09-03 00:11:51.805949+04;2021-06-22T09:07:24+00:00;ok;;0;;;;f;;;2026-09-01 17:50:24.493339+04;2026-09-05 17:20:26.332111+04
7;Cadastre (API Carto PCI);api;t;24;;https://www.data.gouv.fr/api/1/datasets/parcellaire-express-pci/;last_update;2026-09-03 00:11:51.805949+04;2026-08-07T00:00:00+00:00;ok;;0;;;;f;;;2026-09-01 18:39:10.490537+04;2026-09-05 17:20:26.332111+04
8;BD TOPO IGN;api;t;24;;https://www.data.gouv.fr/api/1/datasets/bd-topo-r/;last_update;2026-09-03 00:11:51.805949+04;2026-07-31T00:00:00+00:00;ok;;0;;;;f;;;2026-09-01 18:39:10.490537+04;2026-09-05 17:20:26.332111+04
9;Forêts publiques (ONF);api;t;24;;https://www.data.gouv.fr/api/1/datasets/bd-topo-r/;last_update;2026-09-03 00:11:51.805949+04;2026-07-31T00:00:00+00:00;ok;;0;;;;f;;;2026-09-01 18:39:10.490537+04;2026-09-05 17:20:26.332111+04
10;BD ORTHO 20 cm (IGN);api;t;24;;https://www.data.gouv.fr/api/1/datasets/bd-ortho-r/;last_update;2026-09-03 00:11:51.805949+04;2026-08-27T00:00:00+00:00;ok;;0;;;;f;;;2026-09-01 18:39:10.490537+04;2026-09-05 17:20:26.332111+04
11;BD ORTHO IRC (IGN);api;t;24;;https://www.data.gouv.fr/api/1/datasets/bd-ortho-r/;last_update;2026-09-03 00:11:51.805949+04;2026-08-27T00:00:00+00:00;ok;;0;;;;f;;;2026-09-01 18:39:10.490537+04;2026-09-05 17:20:26.332111+04
12;RGE ALTI (altimétrie);api;t;24;;https://www.data.gouv.fr/api/1/datasets/rge-alti-r/;last_update;2026-09-03 00:11:51.805949+04;2026-09-02T17:09:35.015000+00:00;ok;;0;;;;f;;;2026-09-01 18:39:10.490537+04;2026-09-05 17:20:26.332111+04
13;IGN BD CARTO V5 — occupation du sol;api;t;24;;https://www.data.gouv.fr/api/1/datasets/bd-carto-r-1/;last_update;2026-09-03 00:11:51.805949+04;2025-12-24T00:00:00+00:00;ok;;0;;;;f;;;2026-09-01 18:39:10.490537+04;2026-09-05 17:20:26.332111+04
14;LiDAR HD — MNH 50 cm (IGN);api;t;24;;https://www.data.gouv.fr/api/1/datasets/mnh-lidar-hd/;last_update;2026-09-03 00:11:51.805949+04;2026-08-07T00:00:00+00:00;ok;;0;;;;f;;;2026-09-01 18:39:10.490537+04;2026-09-05 17:20:26.332111+04
15;Contours IRIS (IGN/INSEE);api;t;24;;https://www.data.gouv.fr/api/1/datasets/contours-iris/;last_update;2026-09-03 00:11:51.805949+04;2026-04-30T00:00:00+00:00;ok;;0;;;;f;;;2026-09-01 18:39:10.490537+04;2026-09-05 17:20:26.332111+04
16;RPG — déclarations agricoles (IGN/ASP);api;t;24;;https://www.data.gouv.fr/api/1/datasets/rpg/;last_update;2026-09-03 00:11:51.805949+04;2025-12-11T00:00:00+00:00;ok;;0;;;;f;;;2026-09-01 18:39:10.490537+04;2026-09-05 17:20:26.332111+04
17;Filosofi INSEE (carreaux 200 m);api;t;24;;https://www.data.gouv.fr/api/1/datasets/donnees-carroyees-a-200-m-sur-la-population/;last_update;2026-09-03 00:11:51.805949+04;2026-08-19T10:44:15.176000+00:00;ok;;0;;;;f;;;2026-09-01 18:39:10.490537+04;2026-09-05 17:20:26.332111+04
18;INSEE RP2022 — fichier détail Logements (EGOUL);api;t;24;;https://www.data.gouv.fr/api/1/datasets/recensement-de-la-population-fichiers-detail-logements-ordinaires/;last_update;2026-09-03 00:11:51.805949+04;2025-02-12T09:44:01.009000+00:00;ok;;0;;;;f;;;2026-09-01 18:39:10.490537+04;2026-09-05 17:20:26.332111+04
19;Cartofriches (Cerema);api;t;24;;https://www.data.gouv.fr/api/1/datasets/cartofriches/;last_update;2026-09-03 00:11:51.805949+04;2023-04-14T00:00:00+00:00;ok;;0;;;;f;;;2026-09-01 18:39:10.490537+04;2026-09-05 17:20:26.332111+04
20;ZNIEFF (INPN/MNHN);api;t;24;;https://www.data.gouv.fr/api/1/datasets/inventaire-des-zones-naturelles-dinteret-ecologique-faunistique-et-floristique-znieff/;last_update;2026-09-03 00:11:51.805949+04;2026-09-02T15:23:09.960000+00:00;ok;;0;;;;f;;;2026-09-01 18:39:10.490537+04;2026-09-05 17:20:26.332111+04
21;ABF / Monuments historiques;api;t;24;;https://www.data.gouv.fr/api/1/datasets/immeubles-proteges-au-titre-des-monuments-historiques-2/;last_update;2026-09-03 00:11:51.805949+04;2026-08-27T01:16:54+00:00;ok;;0;;;;f;;;2026-09-01 18:39:10.490537+04;2026-09-05 17:20:26.332111+04
22;Géorisques;api;t;24;;https://www.data.gouv.fr/api/1/datasets/base-nationale-de-gestion-assistee-des-procedures-administratives-relatives-aux-risques-gaspar/;last_update;2026-09-03 00:11:51.805949+04;2026-08-19T14:25:57+00:00;ok;;0;;;;f;;;2026-09-01 18:39:10.490537+04;2026-09-05 17:20:26.332111+04
23;Géorisques — ICPE;api;t;24;;https://www.data.gouv.fr/api/1/datasets/installations-classees-pour-la-protection-de-lenvironnement-icpe-france-metropolitaine-et-drom-3/;last_update;2026-09-03 00:11:51.805949+04;2026-07-20T00:25:14.982000+00:00;ok;;0;;;;f;;;2026-09-01 18:39:10.490537+04;2026-09-05 17:20:26.332111+04
24;Base Adresse Nationale;api;t;24;;https://www.data.gouv.fr/api/1/datasets/base-adresse-nationale/;last_update;2026-09-03 00:11:51.805949+04;2026-09-02T14:19:58.174000+00:00;ok;;0;;;;f;;;2026-09-01 18:39:10.490537+04;2026-09-05 17:20:26.332111+04
25;SIRENE;api;t;24;;https://www.data.gouv.fr/api/1/datasets/base-sirene-des-entreprises-et-de-leurs-etablissements-siren-siret/;last_update;2026-09-03 00:11:51.805949+04;2026-09-01T09:22:23.007000+00:00;ok;;0;;;;f;;;2026-09-01 18:39:10.490537+04;2026-09-05 17:20:26.332111+04
26;SIRENE établissements géolocalisés;api;t;24;;https://www.data.gouv.fr/api/1/datasets/geolocalisation-des-etablissements-du-repertoire-sirene-pour-les-etudes-statistiques/;last_update;2026-09-03 00:11:51.805949+04;2026-08-21T08:17:54.490000+00:00;ok;;0;;;;f;;;2026-09-01 18:39:10.490537+04;2026-09-05 17:20:26.332111+04
27;Transport public — GTFS (PAN, 7 réseaux);api;t;24;;https://www.data.gouv.fr/api/1/datasets/horaire-du-reseau-citalis/;last_update;2026-09-03 00:11:51.805949+04;2026-07-16T06:45:16.443000+00:00;ok;;0;;;;f;;;2026-09-01 18:39:10.490537+04;2026-09-05 17:20:26.332111+04
28;CoSIA (couverture du sol IA, IGN);api;t;24;;https://www.data.gouv.fr/api/1/datasets/cosia/;last_update;2026-09-03 00:11:51.805949+04;2026-08-03T00:00:00+00:00;ok;;0;;;;f;;;2026-09-01 18:39:10.490537+04;2026-09-05 17:20:26.332111+04
29;Parc National de La Réunion (INPN);api;t;24;;https://data.regionreunion.com/api/explore/v2.1/catalog/datasets/pnrun_2021;metas.default.modified;2026-09-03 00:11:51.805949+04;2025-01-06T06:26:29+00:00;ok;;0;;;;f;;;2026-09-01 18:39:10.490537+04;2026-09-05 17:20:26.332111+04
30;data.regionreunion.com — Potentiel foncier;api;t;24;;https://data.regionreunion.com/api/explore/v2.1/catalog/datasets/potentiel-foncier;metas.default.modified;2026-09-03 00:11:51.805949+04;2023-07-03T07:13:26+00:00;ok;;0;;;;f;;;2026-09-01 18:39:10.490537+04;2026-09-05 17:20:26.332111+04
31;Potentiel foncier Région (Région ODS);api;t;24;;https://data.regionreunion.com/api/explore/v2.1/catalog/datasets/potentiel-foncier;metas.default.modified;2026-09-03 00:11:51.805949+04;2023-07-03T07:13:26+00:00;ok;;0;;;;f;;;2026-09-01 18:39:10.490537+04;2026-09-05 17:20:26.332111+04
32;Trafic RN (Région Réunion — SIR);api;t;24;;https://data.regionreunion.com/api/explore/v2.1/catalog/datasets/trafic-mja-rn-lareunion;metas.default.modified;2026-09-03 00:11:51.805949+04;2025-10-21T11:48:43.397000+00:00;ok;;0;;;;f;;;2026-09-01 18:39:10.490537+04;2026-09-05 17:20:26.332111+04
33;DGFiP — parcelles des personnes morales;entete;t;24;;https://data.economie.gouv.fr/api/v2/catalog/datasets/fichiers-des-locaux-et-des-parcelles-des-personnes-morales/attachments/fichier_des_parcelles_situation_2025_dpts_57_a_976_zip;;2026-09-03 00:11:51.805949+04;"""68b6e479-a36812b""";ok;;0;;;;f;;;2026-09-01 18:39:10.490537+04;2026-09-05 17:20:26.332111+04
34;Cerema / GéoLittoral — indicateur d'érosion côtière;entete;t;24;;https://geolittoral.din.developpement-durable.gouv.fr/telechargement/couches_sig/N_evolution_trait_cote_S_reunion_epsg2975_062018_shape.zip;;2026-09-03 00:11:51.805949+04;"""d12d-56fa1dda4702d""";ok;;0;;;;f;;;2026-09-01 18:39:10.490537+04;2026-09-05 17:20:26.332111+04
35;SITADEL (autorisations d'urbanisme);api;t;24;;https://data.statistiques.developpement-durable.gouv.fr/dido/api/v1/datasets/6513f0189d7d312c80ec5b5b;last_update;2026-09-03 00:11:51.805949+04;2026-08-28T16:05:37.148Z;nouvelle_version;amont 2026-08-28T16:05:37.148Z postérieur au servi 2026-06;0;2026-08-28T16:05:37.148Z;2026-09-03 19:48:56.980799+04;2026-08-28T16:05:37.148Z;f;;;2026-09-01 18:39:10.490537+04;2026-09-05 17:20:26.332111+04
36;Classement sonore ITT (Cerema);api;t;24;;https://cartagene.cerema.fr/server/rest/services/Hosted/Routes_classement_sonore_La_Reunion_V2/FeatureServer/0/query?where=1%3D1&returnCountOnly=true&f=json;count;2026-09-03 00:11:51.805949+04;1004;ok;;0;;;;f;;;2026-09-01 18:39:10.490537+04;2026-09-05 17:20:26.332111+04
37;DEAL Réunion — PPR / aléas;temoin;t;24;;https://georisques.gouv.fr/api/v1/gaspar/pprn?codeInsee=97411&page=1&page_size=50;content;2026-09-03 00:11:51.805949+04;2:2dd55edec0156cfd;ok;;0;;;;f;;https://georisques.gouv.fr/api/v1/gaspar/pprn?codeInsee=97410&page=1&page_size=50;2026-09-01 20:35:08.893502+04;2026-09-05 17:20:26.332111+04
38;DEAL Réunion (WMS/WFS);api;t;24;;https://www.data.gouv.fr/api/1/datasets/quartiers-npnru-nouveau-programme-national-de-renouvellement-urbain/;last_update;2026-09-03 00:11:51.805949+04;;injoignable;HTTPError: HTTP Error 404: NOT FOUND;1;;;;f;;;2026-09-01 20:35:08.893502+04;2026-09-03 00:11:51.805949+04
39;Région Réunion Open Data (Opendatasoft);temoin;t;24;;https://data.regionreunion.com/api/explore/v2.1/catalog/datasets?limit=0;total_count;2026-09-03 00:11:51.805949+04;283;ok;;0;;;;f;;;2026-09-01 20:35:08.893502+04;2026-09-05 17:20:26.332111+04
40;Géorisques — cavités souterraines;temoin;t;24;;https://www.georisques.gouv.fr/api/v1/cavites?code_insee=97411&page=1&page_size=1;results;2026-09-03 00:11:51.805949+04;2:bd0a0651ccfbeba3;ok;;0;;;;f;;https://www.georisques.gouv.fr/api/v1/cavites?code_insee=97410&page=1&page_size=1;2026-09-01 20:35:08.893502+04;2026-09-05 17:20:26.332111+04
41;Géorisques — mouvements de terrain;temoin;t;24;;https://www.georisques.gouv.fr/api/v1/mvt?code_insee=97411&page=1&page_size=1;results;2026-09-03 00:11:51.805949+04;2:8e023f4b03a41895;ok;;0;;;;f;;https://www.georisques.gouv.fr/api/v1/mvt?code_insee=97410&page=1&page_size=1;2026-09-01 20:35:08.893502+04;2026-09-05 17:20:26.332111+04
42;Géorisques — sites et sols pollués;temoin;t;24;;https://www.georisques.gouv.fr/api/v1/ssp?code_insee=97411&page=1&page_size=200;;2026-09-03 00:11:51.805949+04;2:4cc18f2a8700d546;ok;;0;;;;f;;https://www.georisques.gouv.fr/api/v1/ssp?code_insee=97410&page=1&page_size=200;2026-09-01 20:35:08.893502+04;2026-09-05 17:20:26.332111+04
43;Radar (pige d'annonces);rappel;t;24;7;;;;;;;0;;;;f;;;2026-09-01 20:38:31.054215+04;2026-09-05 17:20:26.332111+04
44;VRD / assainissement (SPANC);rappel;t;24;365;;;;;;;0;;;;f;;;2026-09-01 20:38:31.054215+04;2026-09-05 17:20:26.332111+04
45;Fichiers fonciers (Cerema);rappel;t;24;365;;;;;;;0;;;;f;;;2026-09-01 20:38:31.054215+04;2026-09-05 17:20:26.332111+04
46;Office de l'eau Réunion — Chroniques de l'eau;rappel;t;24;365;;;;;;;0;;;;f;;;2026-09-01 20:38:31.054215+04;2026-09-05 17:20:26.332111+04
47;BDNB;api;t;24;;https://www.data.gouv.fr/api/1/datasets/base-de-donnees-nationale-des-batiments/;last_update;;;;;0;;;;f;;;2026-09-03 16:02:31.159692+04;2026-09-05 17:20:26.332111+04
48;EDF Réunion — lignes moyenne tension HTA (open data);entete;t;24;;https://opendata-reunion.edf.fr/data-fair/api/v1/datasets/lihub-72mnuv47c249qzvlhv/data-files/lignes-haute-tension-hta-aerien.csv;;;;;;0;;;;f;;;2026-09-05 15:38:57.633063+04;2026-09-05 17:20:26.332111+04
49;Réunion Express — hypothèses de tracé (débat public CNDP);entete;t;24;;https://client.landweb3d.com/cr-reunion/Reunion-Express_PC/index_jaune.html;;;;;;0;;;;f;;;2026-09-05 15:38:57.633063+04;2026-09-05 17:20:26.332111+04
