idu,tier,rang,bdtopo_m2,cosia_m2,ratio_pct,cause
97416000EP1062,chaude,33,21,2,14.7,bande 20-40 (adjudication par design)
97408000AB0275,chaude,34,82,38,19.7,bâtie CONNUE BD TOPO>=20 (hors périmètre règle E — filtre client bâti en attente)
97411000EL0201,brulante,48,93,165,29.3,bâtie CONNUE BD TOPO>=20 (hors périmètre règle E — filtre client bâti en attente)
97409000AR1260,brulante,82,50,123,28.1,bâtie CONNUE BD TOPO>=20 (hors périmètre règle E — filtre client bâti en attente)
97415000CX0939,chaude,93,159,190,32.7,bâtie CONNUE BD TOPO>=20 (hors périmètre règle E — filtre client bâti en attente)
97415000CX1395,brulante,100,113,254,41.8,bâtie CONNUE BD TOPO>=20 (hors périmètre règle E — filtre client bâti en attente)
97415000CX0639,chaude,113,304,363,32.4,bâtie CONNUE BD TOPO>=20 (hors périmètre règle E — filtre client bâti en attente)
97412000CE2722,chaude,139,91,131,39.8,bâtie CONNUE BD TOPO>=20 (hors périmètre règle E — filtre client bâti en attente)
97412000CE2824,chaude,155,30,10,10.6,bande 20-40 (adjudication par design)
97415000CY0845,chaude,176,99,218,29.7,bâtie CONNUE BD TOPO>=20 (hors périmètre règle E — filtre client bâti en attente)
97415000CW0194,chaude,180,296,354,35.0,bâtie CONNUE BD TOPO>=20 (hors périmètre règle E — filtre client bâti en attente)
97422000AS0913,chaude,186,21,23,9.4,bande 20-40 (adjudication par design)
97416000EW1135,chaude,190,92,127,26.5,bâtie CONNUE BD TOPO>=20 (hors périmètre règle E — filtre client bâti en attente)
97412000AM1053,chaude,200,76,96,30.3,bâtie CONNUE BD TOPO>=20 (hors périmètre règle E — filtre client bâti en attente)
97411000DX0017,chaude,203,254,513,17.5,bâtie CONNUE BD TOPO>=20 (hors périmètre règle E — filtre client bâti en attente)
97411000ER0095,chaude,230,0,23,4.5,bande 20-40 (adjudication par design)
97409000AR1997,chaude,257,103,189,40.9,bâtie CONNUE BD TOPO>=20 (hors périmètre règle E — filtre client bâti en attente)
97416000EX0803,chaude,269,97,100,24.3,bâtie CONNUE BD TOPO>=20 (hors périmètre règle E — filtre client bâti en attente)
97403000AR1511,brulante,276,130,263,49.9,bâtie CONNUE BD TOPO>=20 (hors périmètre règle E — filtre client bâti en attente)
97413000DE2325,chaude,279,5,27,10.6,bande 20-40 (adjudication par design)
97411000AL0497,chaude,300,79,123,34.8,bâtie CONNUE BD TOPO>=20 (hors périmètre règle E — filtre client bâti en attente)
97414000EN1730,chaude,305,66,77,26.3,bâtie CONNUE BD TOPO>=20 (hors périmètre règle E — filtre client bâti en attente)
97405000AK1816,chaude,330,87,58,21.0,bâtie CONNUE BD TOPO>=20 (hors périmètre règle E — filtre client bâti en attente)
97408000AC2923,chaude,334,37,43,7.9,bâtie CONNUE BD TOPO>=20 (hors périmètre règle E — filtre client bâti en attente)
97411000KE0436,chaude,338,0,28,9.9,bande 20-40 (adjudication par design)
97411000DX0079,chaude,341,173,298,44.6,bâtie CONNUE BD TOPO>=20 (hors périmètre règle E — filtre client bâti en attente)
97415000CT2821,chaude,344,59,101,25.3,bâtie CONNUE BD TOPO>=20 (hors périmètre règle E — filtre client bâti en attente)
97412000AO0939,chaude,345,32,56,15.0,bâtie CONNUE BD TOPO>=20 (hors périmètre règle E — filtre client bâti en attente)
97415000EY1040,chaude,360,49,64,14.6,bâtie CONNUE BD TOPO>=20 (hors périmètre règle E — filtre client bâti en attente)
97422000CY0197,brulante,368,194,251,28.9,bâtie CONNUE BD TOPO>=20 (hors périmètre règle E — filtre client bâti en attente)
97418000AS0292,chaude,371,55,54,14.8,bâtie CONNUE BD TOPO>=20 (hors périmètre règle E — filtre client bâti en attente)
97412000AM0938,brulante,380,76,115,11.5,bâtie CONNUE BD TOPO>=20 (hors périmètre règle E — filtre client bâti en attente)
97422000CX0551,chaude,382,46,172,34.1,bâtie CONNUE BD TOPO>=20 (hors périmètre règle E — filtre client bâti en attente)
97415000AZ1993,chaude,383,32,85,25.8,bâtie CONNUE BD TOPO>=20 (hors périmètre règle E — filtre client bâti en attente)
97408000AC3507,chaude,384,1,32,3.3,bande 20-40 (adjudication par design)
97414000HL0590,chaude,415,201,325,42.5,bâtie CONNUE BD TOPO>=20 (hors périmètre règle E — filtre client bâti en attente)
97406000AL0413,chaude,417,5,24,6.3,bande 20-40 (adjudication par design)
97415000CT1359,chaude,427,76,38,18.9,bâtie CONNUE BD TOPO>=20 (hors périmètre règle E — filtre client bâti en attente)
97414000CV0998,chaude,428,48,69,24.0,bâtie CONNUE BD TOPO>=20 (hors périmètre règle E — filtre client bâti en attente)
97410000AW1088,chaude,442,94,51,19.9,bâtie CONNUE BD TOPO>=20 (hors périmètre règle E — filtre client bâti en attente)
97416000IE1899,chaude,445,68,116,37.8,bâtie CONNUE BD TOPO>=20 (hors périmètre règle E — filtre client bâti en attente)
97412000BD0351,chaude,460,0,23,6.3,bande 20-40 (adjudication par design)
97411000HE0011,chaude,468,49,36,13.6,bâtie CONNUE BD TOPO>=20 (hors périmètre règle E — filtre client bâti en attente)
97423000AB0321,chaude,487,398,664,17.1,bâtie CONNUE BD TOPO>=20 (hors périmètre règle E — filtre client bâti en attente)
97408000AC1895,chaude,492,192,807,39.6,bâtie CONNUE BD TOPO>=20 (hors périmètre règle E — filtre client bâti en attente)
97403000AS2102,chaude,498,34,36,9.4,bande 20-40 (adjudication par design)
97415000CT0059,chaude,502,54,206,49.4,bâtie CONNUE BD TOPO>=20 (hors périmètre règle E — filtre client bâti en attente)
97422000AP1093,chaude,523,195,240,31.9,bâtie CONNUE BD TOPO>=20 (hors périmètre règle E — filtre client bâti en attente)
97405000AV0204,chaude,530,38,71,10.0,bâtie CONNUE BD TOPO>=20 (hors périmètre règle E — filtre client bâti en attente)
97423000AE0927,chaude,551,56,29,4.3,bâtie CONNUE BD TOPO>=20 (hors périmètre règle E — filtre client bâti en attente)
97415000EO1102,chaude,558,22,43,13.9,bâtie CONNUE BD TOPO>=20 (hors périmètre règle E — filtre client bâti en attente)
97422000DK0311,chaude,597,134,151,15.5,bâtie CONNUE BD TOPO>=20 (hors périmètre règle E — filtre client bâti en attente)
97408000AM0556,chaude,612,122,176,27.0,bâtie CONNUE BD TOPO>=20 (hors périmètre règle E — filtre client bâti en attente)
97405000BI1064,chaude,648,47,41,6.2,bâtie CONNUE BD TOPO>=20 (hors périmètre règle E — filtre client bâti en attente)
97411000BL0032,chaude,649,54,290,11.7,bâtie CONNUE BD TOPO>=20 (hors périmètre règle E — filtre client bâti en attente)
97410000AV0657,chaude,658,0,38,10.3,bande 20-40 (adjudication par design)
97415000ET1048,chaude,662,128,183,28.0,bâtie CONNUE BD TOPO>=20 (hors périmètre règle E — filtre client bâti en attente)
97411000DY0164,chaude,672,157,226,34.2,bâtie CONNUE BD TOPO>=20 (hors périmètre règle E — filtre client bâti en attente)
97422000BD3733,chaude,695,52,171,47.9,bâtie CONNUE BD TOPO>=20 (hors périmètre règle E — filtre client bâti en attente)
97408000AO1810,chaude,699,130,143,27.6,bâtie CONNUE BD TOPO>=20 (hors périmètre règle E — filtre client bâti en attente)
97415000DE0816,chaude,707,87,142,31.1,bâtie CONNUE BD TOPO>=20 (hors périmètre règle E — filtre client bâti en attente)
97415000EO0571,chaude,734,27,29,6.3,bande 20-40 (adjudication par design)
97422000AP0245,chaude,752,82,100,27.3,bâtie CONNUE BD TOPO>=20 (hors périmètre règle E — filtre client bâti en attente)
97415000BO0142,chaude,756,77,78,28.2,bâtie CONNUE BD TOPO>=20 (hors périmètre règle E — filtre client bâti en attente)
97408000AO1908,chaude,767,0,22,8.2,bande 20-40 (adjudication par design)
97415000BN1343,chaude,771,68,80,27.8,bâtie CONNUE BD TOPO>=20 (hors périmètre règle E — filtre client bâti en attente)
97416000EK0023,chaude,779,0,35,23.1,bande 20-40 (adjudication par design)
97410000BE1176,chaude,783,87,102,21.8,bâtie CONNUE BD TOPO>=20 (hors périmètre règle E — filtre client bâti en attente)
97411000CD1188,chaude,813,232,231,12.8,bâtie CONNUE BD TOPO>=20 (hors périmètre règle E — filtre client bâti en attente)
97412000AO0973,chaude,820,21,42,8.8,bâtie CONNUE BD TOPO>=20 (hors périmètre règle E — filtre client bâti en attente)
97413000CS0128,chaude,825,247,285,20.7,bâtie CONNUE BD TOPO>=20 (hors périmètre règle E — filtre client bâti en attente)
97408000AC2940,chaude,850,0,23,2.1,bande 20-40 (adjudication par design)
97403000AO0729,chaude,863,18,23,4.0,bande 20-40 (adjudication par design)
97413000DE2326,chaude,865,116,189,41.1,bâtie CONNUE BD TOPO>=20 (hors périmètre règle E — filtre client bâti en attente)
97413000CX2897,chaude,890,8,30,1.2,bande 20-40 (adjudication par design)
97405000AN0684,chaude,899,64,37,21.8,bâtie CONNUE BD TOPO>=20 (hors périmètre règle E — filtre client bâti en attente)
97422000CX1023,chaude,913,213,296,41.7,bâtie CONNUE BD TOPO>=20 (hors périmètre règle E — filtre client bâti en attente)
97415000AT0708,chaude,936,67,0,20.4,bâtie CONNUE BD TOPO>=20 (hors périmètre règle E — filtre client bâti en attente)
97415000CT1210,chaude,946,160,274,42.9,bâtie CONNUE BD TOPO>=20 (hors périmètre règle E — filtre client bâti en attente)
97422000AS0736,chaude,947,121,313,38.3,bâtie CONNUE BD TOPO>=20 (hors périmètre règle E — filtre client bâti en attente)
97415000EO0463,chaude,968,238,236,14.0,bâtie CONNUE BD TOPO>=20 (hors périmètre règle E — filtre client bâti en attente)
97416000CY0759,chaude,974,230,278,28.4,bâtie CONNUE BD TOPO>=20 (hors périmètre règle E — filtre client bâti en attente)
97412000AM0599,chaude,978,185,297,37.9,bâtie CONNUE BD TOPO>=20 (hors périmètre règle E — filtre client bâti en attente)
97415000EY0942,chaude,981,79,212,70.4,bâtie CONNUE BD TOPO>=20 (hors périmètre règle E — filtre client bâti en attente)
97409000AK1243,chaude,982,29,34,6.6,bande 20-40 (adjudication par design)
97412000AM2014,chaude,984,192,148,29.4,bâtie CONNUE BD TOPO>=20 (hors périmètre règle E — filtre client bâti en attente)
97415000DK0042,chaude,985,127,160,17.7,bâtie CONNUE BD TOPO>=20 (hors périmètre règle E — filtre client bâti en attente)
97410000AO0447,chaude,986,228,237,30.8,bâtie CONNUE BD TOPO>=20 (hors périmètre règle E — filtre client bâti en attente)
97412000CE2854,chaude,992,32,16,5.6,bande 20-40 (adjudication par design)
