marche_id,seed_pas,n_ecritures,console_err,ecran_blanc,base_coherente,verdict,note
AN-001,531000785,1,non,non,oui,OK,"ras"
AN-002,709046363,0,non,non,NA,OK,"ras"
AN-003,457173143,1,non,non,oui,OK,"ras"
AN-004,325048476,0,non,non,NA,OK,"ras"
AN-005,63263598,0,non,non,NA,OK,"ras"
AN-006,293120739,0,non,non,NA,OK,"ras"
AN-007,180078750,1,non,non,oui,OK,"ras"
AN-008,85300734,1,non,non,oui,OK,"ras"
AN-009,782557259,0,non,non,NA,OK,"ras"
AN-010,573560907,0,non,non,NA,OK,"ras"
AN-011,217036798,0,non,non,NA,OK,"ras"
AN-012,22282331,0,non,non,NA,OK,"ras"
AN-013,760831031,0,non,non,NA,OK,"ras"
AN-014,588498432,0,non,non,NA,OK,"ras"
AN-015,501441711,0,non,non,NA,OK,"ras"
AN-016,895912910,1,non,non,oui,OK,"ras"
AN-017,328495471,0,non,non,NA,OK,"ras"
AN-018,709749990,0,non,non,NA,OK,"ras"
AN-019,432156177,0,non,non,NA,OK,"ras"
AN-020,522515630,0,non,non,NA,OK,"ras"
AN-021,641973758,0,non,non,NA,OK,"ras"
AN-022,425384002,0,non,non,NA,OK,"ras"
AN-023,212487047,0,oui,non,NA,KO,"429 rate-limit backend partage (AQ) — app rend, 0 blanc"
AN-024,321632767,0,oui,non,NA,KO,"429 rate-limit backend partage (AQ) — app rend, 0 blanc"
AN-025,122237457,1,oui,non,oui,KO,"500 backend surcharge (storm) — endpoints sains hors charge, 0 blanc"
AN-026,53357340,1,oui,non,oui,KO,"500 backend surcharge (storm) — endpoints sains hors charge, 0 blanc"
AN-027,222005775,0,oui,non,NA,KO,"500 backend surcharge (storm) — endpoints sains hors charge, 0 blanc"
AN-028,391627604,0,oui,non,NA,KO,"500 backend surcharge (storm) — endpoints sains hors charge, 0 blanc"
AN-029,728292966,1,oui,non,oui,KO,"500 backend surcharge (storm) — endpoints sains hors charge, 0 blanc"
AN-030,119694782,0,oui,non,NA,KO,"500 backend surcharge (storm) — endpoints sains hors charge, 0 blanc"
AN-031,795342105,0,oui,non,NA,KO,"500 backend surcharge (storm) — endpoints sains hors charge, 0 blanc"
AN-032,715452591,0,oui,non,NA,KO,"500 backend surcharge (storm) — endpoints sains hors charge, 0 blanc"
AN-033,988155480,1,oui,non,oui,KO,"500 backend surcharge (storm) — endpoints sains hors charge, 0 blanc"
AN-034,872416303,1,oui,non,oui,KO,"500 backend surcharge (storm) — endpoints sains hors charge, 0 blanc"
AN-035,554605746,0,oui,non,NA,KO,"500 backend surcharge (storm) — endpoints sains hors charge, 0 blanc"
AN-036,732102217,1,oui,non,oui,KO,"500 backend surcharge (storm) — endpoints sains hors charge, 0 blanc"
AN-037,805229960,0,oui,non,NA,KO,"500 backend surcharge (storm) — endpoints sains hors charge, 0 blanc"
AN-038,925806522,0,oui,non,NA,KO,"500 backend surcharge (storm) — endpoints sains hors charge, 0 blanc"
AN-039,640365038,1,oui,non,oui,KO,"500 backend surcharge (storm) — endpoints sains hors charge, 0 blanc"
AN-040,510499242,0,non,non,NA,OK,"ras"
AN-041,387018031,0,non,non,NA,OK,"ras"
AN-042,214869699,1,non,non,oui,OK,"ras"
AN-043,367753173,0,non,non,NA,OK,"ras"
AN-044,746603364,0,non,non,NA,OK,"ras"
AN-045,914080602,1,non,non,oui,OK,"ras"
AN-046,177502100,0,non,non,NA,OK,"ras"
AN-047,680990129,0,non,non,NA,OK,"ras"
AN-048,266086657,0,non,non,NA,OK,"ras"
AN-049,401919215,1,oui,non,oui,KO,"429 rate-limit backend partage (AQ) — app rend, 0 blanc"
AN-050,227741737,0,oui,non,NA,KO,"429 rate-limit backend partage (AQ) — app rend, 0 blanc"
AN-051,782956538,0,oui,non,NA,KO,"429 rate-limit backend partage (AQ) — app rend, 0 blanc"
AN-052,147986662,0,oui,non,NA,KO,"429 rate-limit backend partage (AQ) — app rend, 0 blanc"
AN-053,64617171,0,oui,non,NA,KO,"429 rate-limit backend partage (AQ) — app rend, 0 blanc"
AN-054,197677080,1,oui,non,oui,KO,"429 rate-limit backend partage (AQ) — app rend, 0 blanc"
AN-055,567890655,0,oui,non,NA,KO,"429 rate-limit backend partage (AQ) — app rend, 0 blanc"
AN-056,313693290,0,oui,non,NA,KO,"429 rate-limit backend partage (AQ) — app rend, 0 blanc"
AN-057,985008542,0,oui,non,NA,KO,"429 rate-limit backend partage (AQ) — app rend, 0 blanc"
AN-058,370486124,1,oui,non,oui,KO,"429 rate-limit backend partage (AQ) — app rend, 0 blanc"
AN-059,145170489,0,oui,non,NA,KO,"429 rate-limit backend partage (AQ) — app rend, 0 blanc"
AN-060,763444317,0,oui,non,NA,KO,"429 rate-limit backend partage (AQ) — app rend, 0 blanc"
AN-061,378267816,1,non,non,oui,OK,"ras"
AN-062,87781418,1,non,non,oui,OK,"ras"
AN-063,808887236,0,oui,non,NA,KO,"429 rate-limit backend partage (AQ) — app rend, 0 blanc"
AN-064,8461937,0,oui,non,NA,KO,"429 rate-limit backend partage (AQ) — app rend, 0 blanc"
AN-065,901650516,0,non,non,NA,OK,"ras"
AN-066,874638256,0,non,non,NA,OK,"ras"
AN-067,273917315,1,non,non,oui,OK,"ras"
AN-068,252482039,0,non,non,NA,OK,"ras"
AN-069,187303024,0,non,non,NA,OK,"ras"
AN-070,711438722,1,non,non,oui,OK,"ras"
AN-071,604542449,0,non,non,NA,OK,"ras"
AN-072,742540847,0,non,non,NA,OK,"ras"
AN-073,479840654,0,non,non,NA,OK,"ras"
AN-074,882199924,0,non,non,NA,OK,"ras"
AN-075,579230809,0,non,non,NA,OK,"ras"
AN-076,425357640,0,non,non,NA,OK,"ras"
AN-077,321908444,0,non,non,NA,OK,"ras"
AN-078,227192295,0,non,non,NA,OK,"ras"
AN-079,221114946,0,non,non,NA,OK,"ras"
AN-080,232560004,1,non,non,oui,OK,"ras"
AN-081,307088137,0,non,non,NA,OK,"ras"
AN-082,711765185,0,non,non,NA,OK,"ras"
AN-083,719267980,0,non,non,NA,OK,"ras"
AN-084,684682160,1,non,non,oui,OK,"ras"
AN-085,981816232,0,non,non,NA,OK,"ras"
AN-086,717517912,0,non,non,NA,OK,"ras"
AN-087,279055713,0,non,non,NA,OK,"ras"
AN-088,610124551,0,non,non,NA,OK,"ras"
AN-089,214044650,1,non,non,oui,OK,"ras"
AN-090,567655592,0,non,non,NA,OK,"ras"
AN-091,548293689,0,non,non,NA,OK,"ras"
AN-092,600227746,0,non,non,NA,OK,"ras"
AN-093,797810003,0,non,non,NA,OK,"ras"
AN-094,696769712,0,non,non,NA,OK,"ras"
AN-095,620671363,0,non,non,NA,OK,"ras"
AN-096,864635553,0,non,non,NA,OK,"ras"
AN-097,752249924,1,non,non,oui,OK,"ras"
AN-098,172666714,0,non,non,NA,OK,"ras"
AN-099,382358273,0,non,non,NA,OK,"ras"
AN-100,787975800,0,non,non,NA,OK,"ras"
