97402000AH0569	declasse_non_constructible	U
97402000AH0620	declasse_non_constructible	U
97412000CW0083	declasse_non_constructible	U5
97416000HX0651	declasse_non_constructible	U
97416000HX1366	declasse_non_constructible	U
97416000HY1166	declasse_non_constructible	U
97416000IE0037	declasse_non_constructible	U
97416000IE0039	declasse_non_constructible	U
97416000IE1513	declasse_non_constructible	U
97422000BX0176	declasse_non_constructible	Ua
97401000AE0193	declasse_zone_fermee	AUt
97401000AK0002	declasse_zone_fermee	AUec
97401000AN0389	declasse_zone_fermee	Ue
97401000AP1066	declasse_zone_fermee	AUt
97401000AP1433	declasse_zone_fermee	AUt
97401000AP1434	declasse_zone_fermee	AUt
97401000AT0572	declasse_zone_fermee	Ud2
97401000AT0577	declasse_zone_fermee	Ud2
97401000AT0578	declasse_zone_fermee	Ud2
97401000AT0588	declasse_zone_fermee	Ud2
97401000AT0593	declasse_zone_fermee	Ud2
97401000AT0633	declasse_zone_fermee	Ud2
97401000AT0677	declasse_zone_fermee	Ud2
97401000AT0680	declasse_zone_fermee	Ud2
97401000AT0701	declasse_zone_fermee	Ud2
97401000AT0702	declasse_zone_fermee	Ud2
97401000AT0710	declasse_zone_fermee	Ud2
97404000AM0201	declasse_zone_fermee	AUe
97404000AM0285	declasse_zone_fermee	UE
97404000AM0286	declasse_zone_fermee	AUe
97404000AM0486	declasse_zone_fermee	AUe
97404000AM0489	declasse_zone_fermee	AUe
97404000AM0536	declasse_zone_fermee	UE
97404000AM0610	declasse_zone_fermee	UE
97404000AM0652	declasse_zone_fermee	UE
97404000AM0653	declasse_zone_fermee	UE
97404000AM0655	declasse_zone_fermee	UE
97404000AM0668	declasse_zone_fermee	UE
97404000AM0671	declasse_zone_fermee	UE
97404000AM0673	declasse_zone_fermee	UE
97404000AM0687	declasse_zone_fermee	UE
97404000AM0714	declasse_zone_fermee	UE
97404000AM0767	declasse_zone_fermee	UE
97404000AM0865	declasse_zone_fermee	UE
97404000AM0923	declasse_zone_fermee	UE
97404000AM0929	declasse_zone_fermee	UE
97404000AM0931	declasse_zone_fermee	UE
97404000AM0953	declasse_zone_fermee	UE
97404000AM0954	declasse_zone_fermee	UE
97404000AM1002	declasse_zone_fermee	UE
97404000AM1005	declasse_zone_fermee	UE
97404000AM1006	declasse_zone_fermee	UE
97404000AM1007	declasse_zone_fermee	UE
97404000AM1008	declasse_zone_fermee	UE
97404000AM1009	declasse_zone_fermee	UE
97404000AM1010	declasse_zone_fermee	UE
97404000AM1023	declasse_zone_fermee	UE
97404000AM1069	declasse_zone_fermee	UE
97404000AM1072	declasse_zone_fermee	UE
97404000AM1073	declasse_zone_fermee	UE
97404000AM1090	declasse_zone_fermee	UE
97404000AM1091	declasse_zone_fermee	UE
97404000AM1099	declasse_zone_fermee	UE
97404000AM1100	declasse_zone_fermee	UE
97404000AM1103	declasse_zone_fermee	UE
97404000AM1114	declasse_zone_fermee	AUe
97404000AM1115	declasse_zone_fermee	AUe
97404000AM1127	declasse_zone_fermee	UE
97404000AM1140	declasse_zone_fermee	AUe
97404000AM1141	declasse_zone_fermee	AUe
97404000AM1167	declasse_zone_fermee	UE
97404000AM1168	declasse_zone_fermee	UE
97404000AM1169	declasse_zone_fermee	UE
97404000AM1172	declasse_zone_fermee	UE
97404000AM1175	declasse_zone_fermee	UE
97404000AN0352	declasse_zone_fermee	UT
97404000AN0353	declasse_zone_fermee	UT
97404000AN0357	declasse_zone_fermee	UT
97404000AN0358	declasse_zone_fermee	UT
97404000AN0367	declasse_zone_fermee	UT
97404000AN0369	declasse_zone_fermee	UT
97404000AN0382	declasse_zone_fermee	UT
97404000AN0384	declasse_zone_fermee	UT
97404000AN0385	declasse_zone_fermee	UT
97406000AC0279	declasse_zone_fermee	Ue
97406000AC0280	declasse_zone_fermee	Ue
97406000AC0281	declasse_zone_fermee	Ue
97406000AC0282	declasse_zone_fermee	Ue
97406000AC0286	declasse_zone_fermee	Ue
97406000AC0288	declasse_zone_fermee	Ue
97406000AC0289	declasse_zone_fermee	Ue
97406000AC0291	declasse_zone_fermee	Ue
97406000AC0292	declasse_zone_fermee	Ue
97406000AC0536	declasse_zone_fermee	Ue
97406000AC0538	declasse_zone_fermee	Ue
97407000AO1880	declasse_zone_fermee	Us
97407000AO1881	declasse_zone_fermee	Us
97407000AT0055	declasse_zone_fermee	Uem
97407000AT0072	declasse_zone_fermee	Uem
97407000AT0073	declasse_zone_fermee	Uem
97407000AT0109	declasse_zone_fermee	Uem
97407000AV0030	declasse_zone_fermee	Uem
97407000AV0031	declasse_zone_fermee	Uem
97407000AV0056	declasse_zone_fermee	Uem
97407000AV0057	declasse_zone_fermee	Uem
97407000AV0061	declasse_zone_fermee	Uem
97407000AV0062	declasse_zone_fermee	Uem
97407000AV0198	declasse_zone_fermee	Uem
97407000AV0199	declasse_zone_fermee	Uem
97407000AV0208	declasse_zone_fermee	Uem
97407000AV0242	declasse_zone_fermee	Uem
97407000AV0283	declasse_zone_fermee	Uem
97407000AV0284	declasse_zone_fermee	Uem
97407000AV0285	declasse_zone_fermee	Uem
97407000AV0286	declasse_zone_fermee	Uem
97407000AV0329	declasse_zone_fermee	Uem
97407000AX0097	declasse_zone_fermee	1AUem
97407000AY0002	declasse_zone_fermee	Uem
97407000AY0116	declasse_zone_fermee	Uem
97407000AY0583	declasse_zone_fermee	Uem
97407000BA0365	declasse_zone_fermee	Us
97407000BA0371	declasse_zone_fermee	Us
97407000BI0091	declasse_zone_fermee	Uem
97407000BI0154	declasse_zone_fermee	Us
97407000BI0167	declasse_zone_fermee	Uem
97407000BI0214	declasse_zone_fermee	Uem
97407000BI0276	declasse_zone_fermee	Us
97407000BI0284	declasse_zone_fermee	Us
97407000BI0285	declasse_zone_fermee	Us
97407000BI0286	declasse_zone_fermee	Us
97407000BI0293	declasse_zone_fermee	Uem
97407000BI0358	declasse_zone_fermee	Us
97407000BI0359	declasse_zone_fermee	Us
97407000BI0435	declasse_zone_fermee	Uem
97407000BL0240	declasse_zone_fermee	Uem
97407000BL0241	declasse_zone_fermee	Uem
97407000BL0246	declasse_zone_fermee	Uem
97407000BL0247	declasse_zone_fermee	Uem
97407000BL0250	declasse_zone_fermee	Uem
97407000BL0318	declasse_zone_fermee	Uem
97408000AN1233	declasse_zone_fermee	UE
97408000AN1726	declasse_zone_fermee	UTfr2
97408000AN1727	declasse_zone_fermee	UTfr2
97408000AN2030	declasse_zone_fermee	AUT
97408000AN2062	declasse_zone_fermee	UTfr2
97408000AO1556	declasse_zone_fermee	UE
97408000AO1560	declasse_zone_fermee	UE
97408000AR0465	declasse_zone_fermee	UE
97408000AR0466	declasse_zone_fermee	UE
97408000AR0467	declasse_zone_fermee	UE
97408000AR0468	declasse_zone_fermee	UE
97408000BL0010	declasse_zone_fermee	UAa
97408000BL0014	declasse_zone_fermee	UAa
97408000BL0048	declasse_zone_fermee	UAa
97408000BL0291	declasse_zone_fermee	UAa
97408000BM0020	declasse_zone_fermee	UAa
97408000BM0786	declasse_zone_fermee	UAa
97408000BP0135	declasse_zone_fermee	UE
97408000BP0137	declasse_zone_fermee	UE
97408000BP0138	declasse_zone_fermee	UE
97408000BP0140	declasse_zone_fermee	UE
97408000BR0009	declasse_zone_fermee	UE
97408000BR0013	declasse_zone_fermee	UAa
97408000BR0171	declasse_zone_fermee	UE
97412000AZ0024	declasse_zone_fermee	3AU5st
97412000BI0218	declasse_zone_fermee	1AUto
97412000BK0191	declasse_zone_fermee	3AU5ma
97412000BK0758	declasse_zone_fermee	3AU5ma
97412000BK0760	declasse_zone_fermee	3AU5ma
97412000BK0968	declasse_zone_fermee	U6
97412000BK1085	declasse_zone_fermee	U6
97412000BK1096	declasse_zone_fermee	U6
97412000BK1099	declasse_zone_fermee	U6
97412000BK1106	declasse_zone_fermee	U6
97412000BK1111	declasse_zone_fermee	U6
97412000BK1114	declasse_zone_fermee	U6
97412000BK1123	declasse_zone_fermee	U6
97412000BK1125	declasse_zone_fermee	U6
97412000BK1126	declasse_zone_fermee	U6
97412000BK1130	declasse_zone_fermee	U6
97412000BK1134	declasse_zone_fermee	U6
97412000BK1199	declasse_zone_fermee	U6
97412000BK1428	declasse_zone_fermee	U6
97412000BK1431	declasse_zone_fermee	U6
97412000BK1459	declasse_zone_fermee	1AU6c
97412000BK1683	declasse_zone_fermee	1AU6c
97412000BK1700	declasse_zone_fermee	1AU6c
97412000BK1735	declasse_zone_fermee	1AU6
97412000BK1803	declasse_zone_fermee	1AU6
97412000BK1806	declasse_zone_fermee	1AU6
97412000BK1809	declasse_zone_fermee	1AU6
97412000BK1812	declasse_zone_fermee	1AU6
97412000BK1814	declasse_zone_fermee	1AU6
97412000BK1815	declasse_zone_fermee	1AU6
97412000BK1840	declasse_zone_fermee	1AU6c
97412000BK1842	declasse_zone_fermee	1AU6c
97412000BK1851	declasse_zone_fermee	1AU6c
97412000BK1852	declasse_zone_fermee	1AU6c
97412000BK1858	declasse_zone_fermee	1AU6c
97412000BK1863	declasse_zone_fermee	1AU6c
97412000BK1865	declasse_zone_fermee	1AU6c
97412000BK1873	declasse_zone_fermee	1AU6
97412000BK1952	declasse_zone_fermee	1AU6
97412000BK1953	declasse_zone_fermee	1AU6
97412000BK1954	declasse_zone_fermee	1AU6
97412000BK1955	declasse_zone_fermee	1AU6
97412000BK1956	declasse_zone_fermee	1AU6
97412000BK1958	declasse_zone_fermee	1AU6c
97412000BK1959	declasse_zone_fermee	1AU6c
97412000BK1960	declasse_zone_fermee	1AU6
97412000BK1961	declasse_zone_fermee	1AU6
97412000BK1962	declasse_zone_fermee	1AU6
97412000BK1963	declasse_zone_fermee	1AU6
97412000BK1964	declasse_zone_fermee	1AU6
97412000BK1965	declasse_zone_fermee	1AU6
97412000BK1966	declasse_zone_fermee	1AU6
97412000BK1967	declasse_zone_fermee	1AU6
97412000BK1968	declasse_zone_fermee	1AU6
97412000BK1969	declasse_zone_fermee	1AU6
97412000BK1970	declasse_zone_fermee	1AU6
97412000BK1971	declasse_zone_fermee	1AU6
97412000BK1972	declasse_zone_fermee	1AU6
97412000BK1973	declasse_zone_fermee	1AU6
97412000BK1974	declasse_zone_fermee	1AU6
97412000BK1975	declasse_zone_fermee	1AU6
97412000BK1976	declasse_zone_fermee	1AU6
97412000BK1977	declasse_zone_fermee	1AU6
97412000BK1980	declasse_zone_fermee	1AU6
97412000BK1982	declasse_zone_fermee	1AU6
97412000BK2012	declasse_zone_fermee	U6
97412000BK2017	declasse_zone_fermee	U6
97412000BL0997	declasse_zone_fermee	3AU3
97414000DE1516	declasse_zone_fermee	1AUe
97414000DE1854	declasse_zone_fermee	1AUe
97414000DH0205	declasse_zone_fermee	UE
97414000DH0232	declasse_zone_fermee	UE
97414000DH0287	declasse_zone_fermee	UE
97414000DH0320	declasse_zone_fermee	US
97414000DH0321	declasse_zone_fermee	US
97414000DH0322	declasse_zone_fermee	US
97414000DH0323	declasse_zone_fermee	US
97414000DH0559	declasse_zone_fermee	UE
97414000DH0568	declasse_zone_fermee	UE
97414000DH0571	declasse_zone_fermee	UE
97414000DH0643	declasse_zone_fermee	UE
97414000DH0694	declasse_zone_fermee	UE
97414000DH0697	declasse_zone_fermee	UE
97414000DH0701	declasse_zone_fermee	UE
97414000DH0702	declasse_zone_fermee	UE
97414000DH0709	declasse_zone_fermee	UE
97414000DH0718	declasse_zone_fermee	UE
97414000DH0719	declasse_zone_fermee	UE
97414000DH0720	declasse_zone_fermee	UE
97414000DH0721	declasse_zone_fermee	UE
97414000DH0760	declasse_zone_fermee	US
97414000DH0765	declasse_zone_fermee	US
97414000DH0811	declasse_zone_fermee	UE
97414000DH0830	declasse_zone_fermee	UE
97414000DH0846	declasse_zone_fermee	US
97414000DH0874	declasse_zone_fermee	UE
97414000DH0875	declasse_zone_fermee	UE
97414000DH0880	declasse_zone_fermee	UE
97414000DH0881	declasse_zone_fermee	UE
97414000DH0889	declasse_zone_fermee	UE
97414000DH0904	declasse_zone_fermee	US
97414000DH0905	declasse_zone_fermee	US
97414000DH0906	declasse_zone_fermee	US
97414000DH0908	declasse_zone_fermee	US
97414000DH0909	declasse_zone_fermee	US
97414000DH0910	declasse_zone_fermee	US
97414000DH0914	declasse_zone_fermee	US
97414000DH1288	declasse_zone_fermee	US
97414000DH1345	declasse_zone_fermee	US
97414000DH1422	declasse_zone_fermee	US
97414000DH1502	declasse_zone_fermee	US
97414000DH1503	declasse_zone_fermee	US
97414000DH1504	declasse_zone_fermee	US
97414000DH1507	declasse_zone_fermee	US
97414000DH1508	declasse_zone_fermee	US
97414000DH1512	declasse_zone_fermee	US
97414000DH1517	declasse_zone_fermee	US
97414000DH1518	declasse_zone_fermee	US
97414000DH1541	declasse_zone_fermee	US
97414000DH1542	declasse_zone_fermee	UE
97414000DH1543	declasse_zone_fermee	UE
97414000DH1544	declasse_zone_fermee	UE
97414000DH1545	declasse_zone_fermee	UE
97414000DH1582	declasse_zone_fermee	UE
97414000DH1583	declasse_zone_fermee	UE
97414000DH1585	declasse_zone_fermee	UE
97414000DI0063	declasse_zone_fermee	US
97414000DI0324	declasse_zone_fermee	US
97414000DI0325	declasse_zone_fermee	1AUe
97414000DI0806	declasse_zone_fermee	1AUe
97414000DI0809	declasse_zone_fermee	1AUe
97414000DI0810	declasse_zone_fermee	1AUe
97414000DI0817	declasse_zone_fermee	1AUe
97414000DI0884	declasse_zone_fermee	US
97414000DI0886	declasse_zone_fermee	US
97414000DI0887	declasse_zone_fermee	US
97414000DI0909	declasse_zone_fermee	US
97414000DI0912	declasse_zone_fermee	US
97414000EN3761	declasse_zone_fermee	1AUe
97414000EN3769	declasse_zone_fermee	1AUe
97420000AI0431	declasse_zone_fermee	UE
97420000AI0483	declasse_zone_fermee	UAc
97420000AI0762	declasse_zone_fermee	UAc
97420000AI0805	declasse_zone_fermee	UE
97420000AI0806	declasse_zone_fermee	UE
97420000AI0836	declasse_zone_fermee	UE
97420000AI0917	declasse_zone_fermee	UE
97420000AI0972	declasse_zone_fermee	UE
97420000AI0973	declasse_zone_fermee	UE
97420000BC1272	declasse_zone_fermee	UE
97420000BC1276	declasse_zone_fermee	UE
97420000BC1277	declasse_zone_fermee	UE
97420000BC1422	declasse_zone_fermee	UE
97420000BC1429	declasse_zone_fermee	UE
97420000BC1432	declasse_zone_fermee	UE
97420000BC1444	declasse_zone_fermee	UE
97420000BC1448	declasse_zone_fermee	UE
97420000BC1455	declasse_zone_fermee	UE
97420000BC1599	declasse_zone_fermee	UE
97420000BC1710	declasse_zone_fermee	UE
97420000BC1713	declasse_zone_fermee	UE
97420000BC1715	declasse_zone_fermee	UE
97420000BC1736	declasse_zone_fermee	UE
97420000BC1737	declasse_zone_fermee	UE
97422000AD0433	declasse_zone_fermee	1AUto
97422000AD1239	declasse_zone_fermee	1AUcto
97422000AD1240	declasse_zone_fermee	1AUcto
97422000AD1241	declasse_zone_fermee	1AUcto
97422000AD1242	declasse_zone_fermee	1AUcto
97422000AD1243	declasse_zone_fermee	1AUcto
97422000AD1244	declasse_zone_fermee	1AUcto
97422000AD1246	declasse_zone_fermee	1AUcto
97422000AD1247	declasse_zone_fermee	1AUcto
97422000AD1248	declasse_zone_fermee	1AUcto
97422000AH0110	declasse_zone_fermee	UCtom
97422000AH0111	declasse_zone_fermee	UCtom
97422000AH0112	declasse_zone_fermee	UCtom
97422000AH0113	declasse_zone_fermee	UCtom
97422000AH0114	declasse_zone_fermee	UCtom
97422000AH0115	declasse_zone_fermee	UCtom
97422000AH0116	declasse_zone_fermee	UCtom
97422000AH0117	declasse_zone_fermee	UCtom
97422000AH0118	declasse_zone_fermee	UCtom
97422000AH0119	declasse_zone_fermee	UCtom
97422000AH0120	declasse_zone_fermee	UCtom
97422000AH0121	declasse_zone_fermee	UCtom
97422000AH0123	declasse_zone_fermee	UCtom
97422000AH0124	declasse_zone_fermee	UCtom
97422000AH0125	declasse_zone_fermee	UCtom
97422000AH0126	declasse_zone_fermee	UCtom
97422000AH0130	declasse_zone_fermee	UCtom
97422000AH0132	declasse_zone_fermee	UCtom
97422000AH0138	declasse_zone_fermee	UCto
97422000AH0171	declasse_zone_fermee	UCtom
97422000AH0176	declasse_zone_fermee	UCto
97422000AH0181	declasse_zone_fermee	UCtom
97422000AH0186	declasse_zone_fermee	UCto
97422000AH0231	declasse_zone_fermee	UCto
97422000AH0234	declasse_zone_fermee	UCtom
97422000AH0235	declasse_zone_fermee	UCto
97422000AH0261	declasse_zone_fermee	UCto
97422000AH0306	declasse_zone_fermee	UCto
97422000AH0319	declasse_zone_fermee	UCto
97422000AH0326	declasse_zone_fermee	UCto
97422000AH0330	declasse_zone_fermee	UCto
97422000AH0338	declasse_zone_fermee	UCtom
97422000AH0339	declasse_zone_fermee	UCtom
97422000AH0346	declasse_zone_fermee	UCto
97422000AH0347	declasse_zone_fermee	UCto
97422000AH0348	declasse_zone_fermee	UCto
97422000AH0351	declasse_zone_fermee	UCtom
97422000AH0357	declasse_zone_fermee	UCtom
97422000AH0395	declasse_zone_fermee	UCtom
97422000AH0404	declasse_zone_fermee	UCtom
97422000AH0405	declasse_zone_fermee	UCtom
97422000AH0406	declasse_zone_fermee	UCtom
97422000AH0407	declasse_zone_fermee	UCtom
97422000AH0408	declasse_zone_fermee	UCtom
97422000AH0410	declasse_zone_fermee	UCtom
97422000AH0426	declasse_zone_fermee	UCtom
97422000AH0427	declasse_zone_fermee	UCtom
97422000AH0430	declasse_zone_fermee	UCto
97422000AH0435	declasse_zone_fermee	UCtom
97422000AH0436	declasse_zone_fermee	UCto
97422000AH0438	declasse_zone_fermee	UCtom
97422000AH0445	declasse_zone_fermee	UCto
97422000AH0446	declasse_zone_fermee	UCto
97422000AH0451	declasse_zone_fermee	UCtom
97422000AH0453	declasse_zone_fermee	UCto
97422000AH0510	declasse_zone_fermee	UCto
97422000AH0511	declasse_zone_fermee	UCto
97422000BP0675	declasse_zone_fermee	1AUe
97422000BP0676	declasse_zone_fermee	1AUe
97422000BP0687	declasse_zone_fermee	Ue
97422000BP1092	declasse_zone_fermee	Ue
97422000BP1093	declasse_zone_fermee	Ue
97422000BP1094	declasse_zone_fermee	1AUe
97422000BP1095	declasse_zone_fermee	1AUe
97422000BP1096	declasse_zone_fermee	Ue
97422000BP1097	declasse_zone_fermee	Ue
97422000BP1390	declasse_zone_fermee	1AUe
97422000BP1455	declasse_zone_fermee	1AUe
97422000BP1700	declasse_zone_fermee	Ue
97422000BP1744	declasse_zone_fermee	Ue
97422000BP1749	declasse_zone_fermee	Ue
97422000BP1753	declasse_zone_fermee	Ue
97422000BP1754	declasse_zone_fermee	Ue
97422000BP1755	declasse_zone_fermee	Ue
97422000BP1756	declasse_zone_fermee	Ue
97422000BP1760	declasse_zone_fermee	Ue
97422000BP1766	declasse_zone_fermee	Ue
97422000BP1820	declasse_zone_fermee	Ue
97422000BP1958	declasse_zone_fermee	1AUe
97422000BP1959	declasse_zone_fermee	1AUe
97422000BP2000	declasse_zone_fermee	1AUe
97422000BP2117	declasse_zone_fermee	Ue
97422000BP2118	declasse_zone_fermee	Ue
97422000BV2447	declasse_zone_fermee	1AUe
97422000BW3164	declasse_zone_fermee	Ue
97422000CX0234	declasse_zone_fermee	1AUto
97423000AB0057	declasse_zone_fermee	1AUt
97423000AB1846	declasse_zone_fermee	1AUt
97423000AI0801	declasse_zone_fermee	Ue
